{"v":"5.6.7","fr":60,"ip":0,"op":266,"w":216,"h":216,"nm":"Step 1","ddd":0,"assets":[{"id":"comp_0","layers":[{"ddd":0,"ind":1,"ty":4,"nm":"Line 1","sr":1,"ks":{"p":{"s":true,"x":{"a":0,"k":36},"y":{"a":0,"k":4}}},"ao":0,"shapes":[{"ind":0,"ty":"sh","ks":{"a":0,"k":{"i":[[0,0],[0,0]],"o":[[0,0],[0,0]],"v":[[-36,0],[36,0]],"c":false}},"nm":"Line","hd":false},{"ty":"st","c":{"a":0,"k":[1,1,1,1]},"o":{"a":0,"k":100},"w":{"a":0,"k":8},"lc":1,"lj":1,"ml":4,"bm":0,"nm":"Stroke 1","hd":false},{"ty":"tm","s":{"a":1,"k":[{"i":{"x":[0.833],"y":[0.833]},"o":{"x":[0.7],"y":[0]},"t":30,"s":[0]},{"t":48,"s":[100]}]},"e":{"a":1,"k":[{"i":{"x":[0.3],"y":[1]},"o":{"x":[0.167],"y":[0.167]},"t":0,"s":[0]},{"t":18,"s":[100]}]},"o":{"a":0,"k":0},"m":1,"nm":"Trim Paths 1","hd":false},{"ty":"gr","it":[{"ty":"rc","d":1,"s":{"a":0,"k":[72,72]},"p":{"a":0,"k":[0,32]},"r":{"a":0,"k":0},"nm":"Rectangle Path 1","hd":false},{"ty":"fl","c":{"a":0,"k":[1,0,0,1]},"o":{"a":0,"k":100},"r":1,"bm":0,"nm":"Fill 1","hd":false},{"ty":"tr","p":{"a":0,"k":[0,0]},"a":{"a":0,"k":[0,0]},"s":{"a":0,"k":[100,100]},"r":{"a":0,"k":0},"o":{"a":0,"k":0},"sk":{"a":0,"k":0},"sa":{"a":0,"k":0},"nm":"Transform"}],"nm":"Mask","bm":0,"hd":false}],"ip":0,"op":60,"st":0,"bm":0},{"ddd":0,"ind":2,"ty":4,"nm":"Line 2","sr":1,"ks":{"p":{"s":true,"x":{"a":0,"k":36},"y":{"a":0,"k":20}}},"ao":0,"shapes":[{"ind":0,"ty":"sh","ks":{"a":0,"k":{"i":[[0,0],[0,0]],"o":[[0,0],[0,0]],"v":[[-36,0],[36,0]],"c":false}},"nm":"Line","hd":false},{"ty":"st","c":{"a":0,"k":[1,1,1,1]},"o":{"a":0,"k":100},"w":{"a":0,"k":8},"lc":1,"lj":1,"ml":4,"bm":0,"nm":"Stroke 1","hd":false},{"ty":"tm","s":{"a":1,"k":[{"i":{"x":[0.833],"y":[0.833]},"o":{"x":[0.7],"y":[0]},"t":33,"s":[0]},{"t":51,"s":[100]}]},"e":{"a":1,"k":[{"i":{"x":[0.3],"y":[1]},"o":{"x":[0.167],"y":[0.167]},"t":3,"s":[0]},{"t":21,"s":[100]}]},"o":{"a":0,"k":0},"m":1,"nm":"Trim Paths 1","hd":false},{"ty":"gr","it":[{"ty":"rc","d":1,"s":{"a":0,"k":[72,72]},"p":{"a":0,"k":[0,16]},"r":{"a":0,"k":0},"nm":"Rectangle Path 1","hd":false},{"ty":"fl","c":{"a":0,"k":[1,0,0,1]},"o":{"a":0,"k":100},"r":1,"bm":0,"nm":"Fill 1","hd":false},{"ty":"tr","p":{"a":0,"k":[0,0]},"a":{"a":0,"k":[0,0]},"s":{"a":0,"k":[100,100]},"r":{"a":0,"k":0},"o":{"a":0,"k":0},"sk":{"a":0,"k":0},"sa":{"a":0,"k":0},"nm":"Transform"}],"nm":"Mask","bm":0,"hd":false}],"ip":0,"op":60,"st":0,"bm":0},{"ddd":0,"ind":3,"ty":4,"nm":"Line 3","sr":1,"ks":{"p":{"s":true,"x":{"a":0,"k":36},"y":{"a":0,"k":36}}},"ao":0,"shapes":[{"ind":0,"ty":"sh","ks":{"a":0,"k":{"i":[[0,0],[0,0]],"o":[[0,0],[0,0]],"v":[[-36,0],[36,0]],"c":false}},"nm":"Line","hd":false},{"ty":"st","c":{"a":0,"k":[1,1,1,1]},"o":{"a":0,"k":100},"w":{"a":0,"k":8},"lc":1,"lj":1,"ml":4,"bm":0,"nm":"Stroke 1","hd":false},{"ty":"tm","s":{"a":1,"k":[{"i":{"x":[0.833],"y":[0.833]},"o":{"x":[0.7],"y":[0]},"t":36,"s":[0]},{"t":54,"s":[100]}]},"e":{"a":1,"k":[{"i":{"x":[0.3],"y":[1]},"o":{"x":[0.167],"y":[0.167]},"t":6,"s":[0]},{"t":24,"s":[100]}]},"o":{"a":0,"k":0},"m":1,"nm":"Trim Paths 1","hd":false},{"ty":"gr","it":[{"ty":"rc","d":1,"s":{"a":0,"k":[72,72]},"p":{"a":0,"k":[0,0]},"r":{"a":0,"k":0},"nm":"Rectangle Path 1","hd":false},{"ty":"fl","c":{"a":0,"k":[1,0,0,1]},"o":{"a":0,"k":100},"r":1,"bm":0,"nm":"Fill 1","hd":false},{"ty":"tr","p":{"a":0,"k":[0,0]},"a":{"a":0,"k":[0,0]},"s":{"a":0,"k":[100,100]},"r":{"a":0,"k":0},"o":{"a":0,"k":0},"sk":{"a":0,"k":0},"sa":{"a":0,"k":0},"nm":"Transform"}],"nm":"Mask","bm":0,"hd":false}],"ip":0,"op":60,"st":0,"bm":0},{"ddd":0,"ind":4,"ty":4,"nm":"Line 4","sr":1,"ks":{"p":{"s":true,"x":{"a":0,"k":36},"y":{"a":0,"k":52}}},"ao":0,"shapes":[{"ind":0,"ty":"sh","ks":{"a":0,"k":{"i":[[0,0],[0,0]],"o":[[0,0],[0,0]],"v":[[-36,0],[36,0]],"c":false}},"nm":"Line","hd":false},{"ty":"st","c":{"a":0,"k":[1,1,1,1]},"o":{"a":0,"k":100},"w":{"a":0,"k":8},"lc":1,"lj":1,"ml":4,"bm":0,"nm":"Stroke 1","hd":false},{"ty":"tm","s":{"a":1,"k":[{"i":{"x":[0.833],"y":[0.833]},"o":{"x":[0.7],"y":[0]},"t":39,"s":[0]},{"t":57,"s":[100]}]},"e":{"a":1,"k":[{"i":{"x":[0.3],"y":[1]},"o":{"x":[0.167],"y":[0.167]},"t":9,"s":[0]},{"t":27,"s":[100]}]},"o":{"a":0,"k":0},"m":1,"nm":"Trim Paths 1","hd":false},{"ty":"gr","it":[{"ty":"rc","d":1,"s":{"a":0,"k":[72,72]},"p":{"a":0,"k":[0,-16]},"r":{"a":0,"k":0},"nm":"Rectangle Path 1","hd":false},{"ty":"fl","c":{"a":0,"k":[1,0,0,1]},"o":{"a":0,"k":100},"r":1,"bm":0,"nm":"Fill 1","hd":false},{"ty":"tr","p":{"a":0,"k":[0,0]},"a":{"a":0,"k":[0,0]},"s":{"a":0,"k":[100,100]},"r":{"a":0,"k":0},"o":{"a":0,"k":0},"sk":{"a":0,"k":0},"sa":{"a":0,"k":0},"nm":"Transform"}],"nm":"Mask","bm":0,"hd":false}],"ip":0,"op":60,"st":0,"bm":0},{"ddd":0,"ind":5,"ty":4,"nm":"Line 5","sr":1,"ks":{"p":{"s":true,"x":{"a":0,"k":36},"y":{"a":0,"k":68}}},"ao":0,"shapes":[{"ind":0,"ty":"sh","ks":{"a":0,"k":{"i":[[0,0],[0,0]],"o":[[0,0],[0,0]],"v":[[-36,0],[36,0]],"c":false}},"nm":"Line","hd":false},{"ty":"st","c":{"a":0,"k":[1,1,1,1]},"o":{"a":0,"k":100},"w":{"a":0,"k":8},"lc":1,"lj":1,"ml":4,"bm":0,"nm":"Stroke 1","hd":false},{"ty":"tm","s":{"a":1,"k":[{"i":{"x":[0.833],"y":[0.833]},"o":{"x":[0.7],"y":[0]},"t":42,"s":[0]},{"t":60,"s":[100]}]},"e":{"a":1,"k":[{"i":{"x":[0.3],"y":[1]},"o":{"x":[0.167],"y":[0.167]},"t":12,"s":[0]},{"t":30,"s":[100]}]},"o":{"a":0,"k":0},"m":1,"nm":"Trim Paths 1","hd":false},{"ty":"gr","it":[{"ty":"rc","d":1,"s":{"a":0,"k":[72,72]},"p":{"a":0,"k":[0,-32]},"r":{"a":0,"k":0},"nm":"Rectangle Path 1","hd":false},{"ty":"fl","c":{"a":0,"k":[1,0,0,1]},"o":{"a":0,"k":100},"r":1,"bm":0,"nm":"Fill 1","hd":false},{"ty":"tr","p":{"a":0,"k":[0,0]},"a":{"a":0,"k":[0,0]},"s":{"a":0,"k":[100,100]},"r":{"a":0,"k":0},"o":{"a":0,"k":0},"sk":{"a":0,"k":0},"sa":{"a":0,"k":0},"nm":"Transform"}],"nm":"Mask","bm":0,"hd":false}],"ip":0,"op":60,"st":0,"bm":0}]},{"id":"comp_1","layers":[{"ddd":0,"ind":1,"ty":4,"nm":"Line 1","sr":1,"ks":{"p":{"s":true,"x":{"a":1,"k":[{"i":{"x":[0.3],"y":[1]},"o":{"x":[0.167],"y":[0.167]},"t":0,"s":[-68]},{"t":19,"s":[4]}]},"y":{"a":0,"k":4}}},"ao":0,"shapes":[{"ty":"gr","it":[{"ty":"rc","d":1,"s":{"a":0,"k":[8,8]},"p":{"a":0,"k":[0,0]},"r":{"a":0,"k":0},"nm":"Box","hd":false},{"ty":"tr","p":{"a":0,"k":[4,4]},"a":{"a":0,"k":[4,4]},"s":{"a":1,"k":[{"i":{"x":[0.833,0.833],"y":[0.833,0.833]},"o":{"x":[0.167,0.167],"y":[0.167,0.167]},"t":30,"s":[100,100]},{"t":50,"s":[0,0]}]},"r":{"a":0,"k":0},"o":{"a":0,"k":100},"sk":{"a":0,"k":0},"sa":{"a":0,"k":0},"nm":"Transform"}],"nm":"Box","bm":0,"hd":false},{"ty":"rp","c":{"a":0,"k":5},"o":{"a":0,"k":0},"m":1,"tr":{"ty":"tr","p":{"a":0,"k":[16,0]},"a":{"a":0,"k":[0,0]},"s":{"a":0,"k":[100,100]},"r":{"a":0,"k":0},"so":{"a":0,"k":100},"eo":{"a":0,"k":100},"nm":"Transform"},"nm":"Repeater 1","hd":false},{"ty":"fl","c":{"a":0,"k":[1,1,1,1]},"o":{"a":0,"k":100},"r":1,"bm":0,"nm":"Fill 1","hd":false}],"ip":0,"op":60,"st":0,"bm":0},{"ddd":0,"ind":2,"ty":4,"nm":"Line 9","sr":1,"ks":{"p":{"s":true,"x":{"a":1,"k":[{"i":{"x":[0.3],"y":[1]},"o":{"x":[0.167],"y":[0.167]},"t":1,"s":[-76]},{"t":20,"s":[-4]}]},"y":{"a":0,"k":12}}},"ao":0,"shapes":[{"ty":"gr","it":[{"ty":"rc","d":1,"s":{"a":0,"k":[8,8]},"p":{"a":0,"k":[0,0]},"r":{"a":0,"k":0},"nm":"Box","hd":false},{"ty":"tr","p":{"a":0,"k":[4,4]},"a":{"a":0,"k":[4,4]},"s":{"a":1,"k":[{"i":{"x":[0.833,0.833],"y":[0.833,0.833]},"o":{"x":[0.167,0.167],"y":[0.167,0.167]},"t":31,"s":[100,100]},{"t":51,"s":[0,0]}]},"r":{"a":0,"k":0},"o":{"a":0,"k":100},"sk":{"a":0,"k":0},"sa":{"a":0,"k":0},"nm":"Transform"}],"nm":"Box","bm":0,"hd":false},{"ty":"rp","c":{"a":0,"k":5},"o":{"a":0,"k":0},"m":1,"tr":{"ty":"tr","p":{"a":0,"k":[16,0]},"a":{"a":0,"k":[0,0]},"s":{"a":0,"k":[100,100]},"r":{"a":0,"k":0},"so":{"a":0,"k":100},"eo":{"a":0,"k":100},"nm":"Transform"},"nm":"Repeater 1","hd":false},{"ty":"fl","c":{"a":0,"k":[1,1,1,1]},"o":{"a":0,"k":100},"r":1,"bm":0,"nm":"Fill 1","hd":false}],"ip":0,"op":60,"st":0,"bm":0},{"ddd":0,"ind":3,"ty":4,"nm":"Line 8","sr":1,"ks":{"p":{"s":true,"x":{"a":1,"k":[{"i":{"x":[0.3],"y":[1]},"o":{"x":[0.167],"y":[0.167]},"t":2,"s":[-68]},{"t":21,"s":[4]}]},"y":{"a":0,"k":20}}},"ao":0,"shapes":[{"ty":"gr","it":[{"ty":"rc","d":1,"s":{"a":0,"k":[8,8]},"p":{"a":0,"k":[0,0]},"r":{"a":0,"k":0},"nm":"Box","hd":false},{"ty":"tr","p":{"a":0,"k":[4,4]},"a":{"a":0,"k":[4,4]},"s":{"a":1,"k":[{"i":{"x":[0.833,0.833],"y":[0.833,0.833]},"o":{"x":[0.167,0.167],"y":[0.167,0.167]},"t":32,"s":[100,100]},{"t":52,"s":[0,0]}]},"r":{"a":0,"k":0},"o":{"a":0,"k":100},"sk":{"a":0,"k":0},"sa":{"a":0,"k":0},"nm":"Transform"}],"nm":"Box","bm":0,"hd":false},{"ty":"rp","c":{"a":0,"k":5},"o":{"a":0,"k":0},"m":1,"tr":{"ty":"tr","p":{"a":0,"k":[16,0]},"a":{"a":0,"k":[0,0]},"s":{"a":0,"k":[100,100]},"r":{"a":0,"k":0},"so":{"a":0,"k":100},"eo":{"a":0,"k":100},"nm":"Transform"},"nm":"Repeater 1","hd":false},{"ty":"fl","c":{"a":0,"k":[1,1,1,1]},"o":{"a":0,"k":100},"r":1,"bm":0,"nm":"Fill 1","hd":false}],"ip":0,"op":60,"st":0,"bm":0},{"ddd":0,"ind":4,"ty":4,"nm":"Line 7","sr":1,"ks":{"p":{"s":true,"x":{"a":1,"k":[{"i":{"x":[0.3],"y":[1]},"o":{"x":[0.167],"y":[0.167]},"t":3,"s":[-76]},{"t":22,"s":[-4]}]},"y":{"a":0,"k":28}}},"ao":0,"shapes":[{"ty":"gr","it":[{"ty":"rc","d":1,"s":{"a":0,"k":[8,8]},"p":{"a":0,"k":[0,0]},"r":{"a":0,"k":0},"nm":"Box","hd":false},{"ty":"tr","p":{"a":0,"k":[4,4]},"a":{"a":0,"k":[4,4]},"s":{"a":1,"k":[{"i":{"x":[0.833,0.833],"y":[0.833,0.833]},"o":{"x":[0.167,0.167],"y":[0.167,0.167]},"t":33,"s":[100,100]},{"t":53,"s":[0,0]}]},"r":{"a":0,"k":0},"o":{"a":0,"k":100},"sk":{"a":0,"k":0},"sa":{"a":0,"k":0},"nm":"Transform"}],"nm":"Box","bm":0,"hd":false},{"ty":"rp","c":{"a":0,"k":5},"o":{"a":0,"k":0},"m":1,"tr":{"ty":"tr","p":{"a":0,"k":[16,0]},"a":{"a":0,"k":[0,0]},"s":{"a":0,"k":[100,100]},"r":{"a":0,"k":0},"so":{"a":0,"k":100},"eo":{"a":0,"k":100},"nm":"Transform"},"nm":"Repeater 1","hd":false},{"ty":"fl","c":{"a":0,"k":[1,1,1,1]},"o":{"a":0,"k":100},"r":1,"bm":0,"nm":"Fill 1","hd":false}],"ip":0,"op":60,"st":0,"bm":0},{"ddd":0,"ind":5,"ty":4,"nm":"Line 6","sr":1,"ks":{"p":{"s":true,"x":{"a":1,"k":[{"i":{"x":[0.3],"y":[1]},"o":{"x":[0.167],"y":[0.167]},"t":5,"s":[-68]},{"t":24,"s":[4]}]},"y":{"a":0,"k":36}}},"ao":0,"shapes":[{"ty":"gr","it":[{"ty":"rc","d":1,"s":{"a":0,"k":[8,8]},"p":{"a":0,"k":[0,0]},"r":{"a":0,"k":0},"nm":"Box","hd":false},{"ty":"tr","p":{"a":0,"k":[4,4]},"a":{"a":0,"k":[4,4]},"s":{"a":1,"k":[{"i":{"x":[0.833,0.833],"y":[0.833,0.833]},"o":{"x":[0.167,0.167],"y":[0.167,0.167]},"t":35,"s":[100,100]},{"t":55,"s":[0,0]}]},"r":{"a":0,"k":0},"o":{"a":0,"k":100},"sk":{"a":0,"k":0},"sa":{"a":0,"k":0},"nm":"Transform"}],"nm":"Box","bm":0,"hd":false},{"ty":"rp","c":{"a":0,"k":5},"o":{"a":0,"k":0},"m":1,"tr":{"ty":"tr","p":{"a":0,"k":[16,0]},"a":{"a":0,"k":[0,0]},"s":{"a":0,"k":[100,100]},"r":{"a":0,"k":0},"so":{"a":0,"k":100},"eo":{"a":0,"k":100},"nm":"Transform"},"nm":"Repeater 1","hd":false},{"ty":"fl","c":{"a":0,"k":[1,1,1,1]},"o":{"a":0,"k":100},"r":1,"bm":0,"nm":"Fill 1","hd":false}],"ip":0,"op":60,"st":0,"bm":0},{"ddd":0,"ind":6,"ty":4,"nm":"Line 5","sr":1,"ks":{"p":{"s":true,"x":{"a":1,"k":[{"i":{"x":[0.3],"y":[1]},"o":{"x":[0.167],"y":[0.167]},"t":6,"s":[-76]},{"t":25,"s":[-4]}]},"y":{"a":0,"k":44}}},"ao":0,"shapes":[{"ty":"gr","it":[{"ty":"rc","d":1,"s":{"a":0,"k":[8,8]},"p":{"a":0,"k":[0,0]},"r":{"a":0,"k":0},"nm":"Box","hd":false},{"ty":"tr","p":{"a":0,"k":[4,4]},"a":{"a":0,"k":[4,4]},"s":{"a":1,"k":[{"i":{"x":[0.833,0.833],"y":[0.833,0.833]},"o":{"x":[0.167,0.167],"y":[0.167,0.167]},"t":36,"s":[100,100]},{"t":56,"s":[0,0]}]},"r":{"a":0,"k":0},"o":{"a":0,"k":100},"sk":{"a":0,"k":0},"sa":{"a":0,"k":0},"nm":"Transform"}],"nm":"Box","bm":0,"hd":false},{"ty":"rp","c":{"a":0,"k":5},"o":{"a":0,"k":0},"m":1,"tr":{"ty":"tr","p":{"a":0,"k":[16,0]},"a":{"a":0,"k":[0,0]},"s":{"a":0,"k":[100,100]},"r":{"a":0,"k":0},"so":{"a":0,"k":100},"eo":{"a":0,"k":100},"nm":"Transform"},"nm":"Repeater 1","hd":false},{"ty":"fl","c":{"a":0,"k":[1,1,1,1]},"o":{"a":0,"k":100},"r":1,"bm":0,"nm":"Fill 1","hd":false}],"ip":0,"op":60,"st":0,"bm":0},{"ddd":0,"ind":7,"ty":4,"nm":"Line 4","sr":1,"ks":{"p":{"s":true,"x":{"a":1,"k":[{"i":{"x":[0.3],"y":[1]},"o":{"x":[0.167],"y":[0.167]},"t":7,"s":[-68]},{"t":26,"s":[4]}]},"y":{"a":0,"k":52}}},"ao":0,"shapes":[{"ty":"gr","it":[{"ty":"rc","d":1,"s":{"a":0,"k":[8,8]},"p":{"a":0,"k":[0,0]},"r":{"a":0,"k":0},"nm":"Box","hd":false},{"ty":"tr","p":{"a":0,"k":[4,4]},"a":{"a":0,"k":[4,4]},"s":{"a":1,"k":[{"i":{"x":[0.833,0.833],"y":[0.833,0.833]},"o":{"x":[0.167,0.167],"y":[0.167,0.167]},"t":37,"s":[100,100]},{"t":57,"s":[0,0]}]},"r":{"a":0,"k":0},"o":{"a":0,"k":100},"sk":{"a":0,"k":0},"sa":{"a":0,"k":0},"nm":"Transform"}],"nm":"Box","bm":0,"hd":false},{"ty":"rp","c":{"a":0,"k":5},"o":{"a":0,"k":0},"m":1,"tr":{"ty":"tr","p":{"a":0,"k":[16,0]},"a":{"a":0,"k":[0,0]},"s":{"a":0,"k":[100,100]},"r":{"a":0,"k":0},"so":{"a":0,"k":100},"eo":{"a":0,"k":100},"nm":"Transform"},"nm":"Repeater 1","hd":false},{"ty":"fl","c":{"a":0,"k":[1,1,1,1]},"o":{"a":0,"k":100},"r":1,"bm":0,"nm":"Fill 1","hd":false}],"ip":0,"op":60,"st":0,"bm":0},{"ddd":0,"ind":8,"ty":4,"nm":"Line 3","sr":1,"ks":{"p":{"s":true,"x":{"a":1,"k":[{"i":{"x":[0.3],"y":[1]},"o":{"x":[0.167],"y":[0.167]},"t":9,"s":[-76]},{"t":28,"s":[-4]}]},"y":{"a":0,"k":60}}},"ao":0,"shapes":[{"ty":"gr","it":[{"ty":"rc","d":1,"s":{"a":0,"k":[8,8]},"p":{"a":0,"k":[0,0]},"r":{"a":0,"k":0},"nm":"Box","hd":false},{"ty":"tr","p":{"a":0,"k":[4,4]},"a":{"a":0,"k":[4,4]},"s":{"a":1,"k":[{"i":{"x":[0.833,0.833],"y":[0.833,0.833]},"o":{"x":[0.167,0.167],"y":[0.167,0.167]},"t":39,"s":[100,100]},{"t":59,"s":[0,0]}]},"r":{"a":0,"k":0},"o":{"a":0,"k":100},"sk":{"a":0,"k":0},"sa":{"a":0,"k":0},"nm":"Transform"}],"nm":"Box","bm":0,"hd":false},{"ty":"rp","c":{"a":0,"k":5},"o":{"a":0,"k":0},"m":1,"tr":{"ty":"tr","p":{"a":0,"k":[16,0]},"a":{"a":0,"k":[0,0]},"s":{"a":0,"k":[100,100]},"r":{"a":0,"k":0},"so":{"a":0,"k":100},"eo":{"a":0,"k":100},"nm":"Transform"},"nm":"Repeater 1","hd":false},{"ty":"fl","c":{"a":0,"k":[1,1,1,1]},"o":{"a":0,"k":100},"r":1,"bm":0,"nm":"Fill 1","hd":false}],"ip":0,"op":60,"st":0,"bm":0},{"ddd":0,"ind":9,"ty":4,"nm":"Line 2","sr":1,"ks":{"p":{"s":true,"x":{"a":1,"k":[{"i":{"x":[0.3],"y":[1]},"o":{"x":[0.167],"y":[0.167]},"t":10,"s":[-68]},{"t":29,"s":[4]}]},"y":{"a":0,"k":68}}},"ao":0,"shapes":[{"ty":"gr","it":[{"ty":"rc","d":1,"s":{"a":0,"k":[8,8]},"p":{"a":0,"k":[0,0]},"r":{"a":0,"k":0},"nm":"Box","hd":false},{"ty":"tr","p":{"a":0,"k":[4,4]},"a":{"a":0,"k":[4,4]},"s":{"a":1,"k":[{"i":{"x":[0.833,0.833],"y":[0.833,0.833]},"o":{"x":[0.167,0.167],"y":[0.167,0.167]},"t":40,"s":[100,100]},{"t":60,"s":[0,0]}]},"r":{"a":0,"k":0},"o":{"a":0,"k":100},"sk":{"a":0,"k":0},"sa":{"a":0,"k":0},"nm":"Transform"}],"nm":"Box","bm":0,"hd":false},{"ty":"rp","c":{"a":0,"k":5},"o":{"a":0,"k":0},"m":1,"tr":{"ty":"tr","p":{"a":0,"k":[16,0]},"a":{"a":0,"k":[0,0]},"s":{"a":0,"k":[100,100]},"r":{"a":0,"k":0},"so":{"a":0,"k":100},"eo":{"a":0,"k":100},"nm":"Transform"},"nm":"Repeater 1","hd":false},{"ty":"fl","c":{"a":0,"k":[1,1,1,1]},"o":{"a":0,"k":100},"r":1,"bm":0,"nm":"Fill 1","hd":false}],"ip":0,"op":60,"st":0,"bm":0}]}],"layers":[{"ddd":0,"ind":1,"ty":3,"nm":"Block Control","sr":1,"ks":{"o":{"a":0,"k":0},"p":{"s":true,"x":{"a":1,"k":[{"i":{"x":[0.3],"y":[1]},"o":{"x":[0.7],"y":[0]},"t":45,"s":[108]},{"i":{"x":[0.3],"y":[1]},"o":{"x":[0.7],"y":[0]},"t":80,"s":[162]},{"i":{"x":[0.3],"y":[1]},"o":{"x":[0.7],"y":[0]},"t":115,"s":[162]},{"i":{"x":[0.3],"y":[1]},"o":{"x":[0.7],"y":[0]},"t":150,"s":[0]},{"t":185,"s":[108]}]},"y":{"a":1,"k":[{"i":{"x":[0.3],"y":[1]},"o":{"x":[0.7],"y":[0]},"t":45,"s":[108]},{"i":{"x":[0.3],"y":[1]},"o":{"x":[0.7],"y":[0]},"t":80,"s":[162]},{"i":{"x":[0.3],"y":[1]},"o":{"x":[0.7],"y":[0]},"t":115,"s":[162]},{"i":{"x":[0.3],"y":[1]},"o":{"x":[0.7],"y":[0]},"t":150,"s":[0]},{"t":185,"s":[108]}]}},"a":{"a":0,"k":[50,50,0]},"s":{"a":1,"k":[{"i":{"x":[0.3,0.3,0.3],"y":[1,1,1]},"o":{"x":[0.7,0.7,0.7],"y":[0,0,0]},"t":45,"s":[100,100,100]},{"i":{"x":[0.3,0.3,0.3],"y":[1,1,1]},"o":{"x":[0.7,0.7,0.7],"y":[0,0,0]},"t":80,"s":[50,50,100]},{"i":{"x":[0.3,0.3,0.3],"y":[1,1,1]},"o":{"x":[0.7,0.7,0.7],"y":[0,0,0]},"t":115,"s":[50,50,100]},{"i":{"x":[0.3,0.3,0.3],"y":[1,1,1]},"o":{"x":[0.7,0.7,0.7],"y":[0,0,0]},"t":150,"s":[200,200,100]},{"t":185,"s":[100,100,100]}]}},"ao":0,"ip":0,"op":600,"st":0,"bm":0},{"ddd":0,"ind":2,"ty":0,"nm":"B Lines (Straight)","parent":1,"refId":"comp_0","sr":1,"ks":{"r":{"a":0,"k":90},"p":{"a":0,"k":[122,122,0]},"a":{"a":0,"k":[36,36,0]}},"ao":0,"ef":[{"ty":21,"nm":"Fill","np":9,"mn":"ADBE Fill","ix":1,"en":1,"ef":[{"ty":10,"nm":"Fill Mask","mn":"ADBE Fill-0001","ix":1,"v":{"a":0,"k":0}},{"ty":7,"nm":"All Masks","mn":"ADBE Fill-0007","ix":2,"v":{"a":0,"k":0}},{"ty":2,"nm":"Color","mn":"ADBE Fill-0002","ix":3,"v":{"a":0,"k":[0.258823543787,0.305882364511,0.341176480055,1]}},{"ty":7,"nm":"Invert","mn":"ADBE Fill-0006","ix":4,"v":{"a":0,"k":0}},{"ty":0,"nm":"Horizontal Feather","mn":"ADBE Fill-0003","ix":5,"v":{"a":0,"k":0}},{"ty":0,"nm":"Vertical Feather","mn":"ADBE Fill-0004","ix":6,"v":{"a":0,"k":0}},{"ty":0,"nm":"Opacity","mn":"ADBE Fill-0005","ix":7,"v":{"a":0,"k":1}}]}],"tm":{"a":1,"k":[{"i":{"x":[0.3],"y":[1]},"o":{"x":[0.167],"y":[0.167]},"t":135,"s":[0]},{"i":{"x":[0.3],"y":[1]},"o":{"x":[0.167],"y":[0]},"t":175,"s":[0.5]},{"i":{"x":[0.3],"y":[1]},"o":{"x":[0.167],"y":[0]},"t":205,"s":[0.5]},{"t":265,"s":[0]}]},"w":72,"h":72,"ip":135,"op":266,"st":135,"bm":0},{"ddd":0,"ind":3,"ty":0,"nm":"B Checkerbox","parent":1,"refId":"comp_1","sr":1,"ks":{"r":{"a":0,"k":-90},"p":{"a":0,"k":[122,122,0]},"a":{"a":0,"k":[36,36,0]}},"ao":0,"hasMask":true,"masksProperties":[{"inv":false,"mode":"a","pt":{"a":0,"k":{"i":[[0,0],[0,0],[0,0],[0,0]],"o":[[0,0],[0,0],[0,0],[0,0]],"v":[[72,0],[0,0],[0,72],[72,72]],"c":true}},"o":{"a":0,"k":100},"x":{"a":0,"k":0},"nm":"Mask 1"}],"ef":[{"ty":21,"nm":"Fill","np":9,"mn":"ADBE Fill","ix":1,"en":1,"ef":[{"ty":10,"nm":"Fill Mask","mn":"ADBE Fill-0001","ix":1,"v":{"a":0,"k":0}},{"ty":7,"nm":"All Masks","mn":"ADBE Fill-0007","ix":2,"v":{"a":0,"k":0}},{"ty":2,"nm":"Color","mn":"ADBE Fill-0002","ix":3,"v":{"a":0,"k":[0.258823543787,0.305882364511,0.341176480055,1]}},{"ty":7,"nm":"Invert","mn":"ADBE Fill-0006","ix":4,"v":{"a":0,"k":0}},{"ty":0,"nm":"Horizontal Feather","mn":"ADBE Fill-0003","ix":5,"v":{"a":0,"k":0}},{"ty":0,"nm":"Vertical Feather","mn":"ADBE Fill-0004","ix":6,"v":{"a":0,"k":0}},{"ty":0,"nm":"Opacity","mn":"ADBE Fill-0005","ix":7,"v":{"a":0,"k":1}}]}],"tm":{"a":1,"k":[{"i":{"x":[0.833],"y":[0.833]},"o":{"x":[0.7],"y":[0]},"t":105,"s":[0.5]},{"t":145,"s":[0]}]},"w":72,"h":72,"ip":105,"op":145,"st":45,"bm":0},{"ddd":0,"ind":4,"ty":0,"nm":"B Checkerbox","parent":1,"refId":"comp_1","sr":1,"ks":{"r":{"a":0,"k":180},"p":{"a":0,"k":[122,122,0]},"a":{"a":0,"k":[36,36,0]}},"ao":0,"hasMask":true,"masksProperties":[{"inv":false,"mode":"a","pt":{"a":0,"k":{"i":[[0,0],[0,0],[0,0],[0,0]],"o":[[0,0],[0,0],[0,0],[0,0]],"v":[[72,0],[0,0],[0,72],[72,72]],"c":true}},"o":{"a":0,"k":100},"x":{"a":0,"k":0},"nm":"Mask 1"}],"ef":[{"ty":21,"nm":"Fill","np":9,"mn":"ADBE Fill","ix":1,"en":1,"ef":[{"ty":10,"nm":"Fill Mask","mn":"ADBE Fill-0001","ix":1,"v":{"a":0,"k":0}},{"ty":7,"nm":"All Masks","mn":"ADBE Fill-0007","ix":2,"v":{"a":0,"k":0}},{"ty":2,"nm":"Color","mn":"ADBE Fill-0002","ix":3,"v":{"a":0,"k":[0.258823543787,0.305882364511,0.341176480055,1]}},{"ty":7,"nm":"Invert","mn":"ADBE Fill-0006","ix":4,"v":{"a":0,"k":0}},{"ty":0,"nm":"Horizontal Feather","mn":"ADBE Fill-0003","ix":5,"v":{"a":0,"k":0}},{"ty":0,"nm":"Vertical Feather","mn":"ADBE Fill-0004","ix":6,"v":{"a":0,"k":0}},{"ty":0,"nm":"Opacity","mn":"ADBE Fill-0005","ix":7,"v":{"a":0,"k":1}}]}],"tm":{"a":1,"k":[{"i":{"x":[0.17],"y":[1]},"o":{"x":[0.167],"y":[0.167]},"t":10,"s":[0]},{"t":70,"s":[0.5]}]},"w":72,"h":72,"ip":10,"op":105,"st":10,"bm":0},{"ddd":0,"ind":5,"ty":3,"nm":"Block Control","sr":1,"ks":{"o":{"a":0,"k":0},"p":{"s":true,"x":{"a":1,"k":[{"i":{"x":[0.3],"y":[1]},"o":{"x":[0.7],"y":[0]},"t":45,"s":[108]},{"i":{"x":[0.3],"y":[1]},"o":{"x":[0.7],"y":[0]},"t":80,"s":[162]},{"i":{"x":[0.3],"y":[1]},"o":{"x":[0.7],"y":[0]},"t":115,"s":[108]},{"i":{"x":[0.3],"y":[1]},"o":{"x":[0.7],"y":[0]},"t":150,"s":[54]},{"t":185,"s":[108]}]},"y":{"a":1,"k":[{"i":{"x":[0.3],"y":[1]},"o":{"x":[0.7],"y":[0]},"t":45,"s":[108]},{"i":{"x":[0.3],"y":[1]},"o":{"x":[0.7],"y":[0]},"t":80,"s":[162]},{"i":{"x":[0.3],"y":[1]},"o":{"x":[0.7],"y":[0]},"t":115,"s":[108]},{"i":{"x":[0.3],"y":[1]},"o":{"x":[0.7],"y":[0]},"t":150,"s":[54]},{"t":185,"s":[108]}]}},"a":{"a":0,"k":[50,50,0]},"s":{"a":1,"k":[{"i":{"x":[0.3,0.3,0.3],"y":[1,1,1]},"o":{"x":[0.7,0.7,0.7],"y":[0,0,0]},"t":45,"s":[100,100,100]},{"i":{"x":[0.3,0.3,0.3],"y":[1,1,1]},"o":{"x":[0.7,0.7,0.7],"y":[0,0,0]},"t":80,"s":[50,50,100]},{"i":{"x":[0.3,0.3,0.3],"y":[1,1,1]},"o":{"x":[0.7,0.7,0.7],"y":[0,0,0]},"t":115,"s":[200,200,100]},{"i":{"x":[0.3,0.3,0.3],"y":[1,1,1]},"o":{"x":[0.7,0.7,0.7],"y":[0,0,0]},"t":150,"s":[50,50,100]},{"t":185,"s":[100,100,100]}]}},"ao":0,"ip":0,"op":600,"st":0,"bm":0},{"ddd":0,"ind":6,"ty":0,"nm":"B Lines (Straight)","parent":5,"refId":"comp_0","sr":1,"ks":{"r":{"a":0,"k":180},"p":{"a":0,"k":[50,50,0]},"a":{"a":0,"k":[36,36,0]}},"ao":0,"ef":[{"ty":21,"nm":"Fill","np":9,"mn":"ADBE Fill","ix":1,"en":1,"ef":[{"ty":10,"nm":"Fill Mask","mn":"ADBE Fill-0001","ix":1,"v":{"a":0,"k":0}},{"ty":7,"nm":"All Masks","mn":"ADBE Fill-0007","ix":2,"v":{"a":0,"k":0}},{"ty":2,"nm":"Color","mn":"ADBE Fill-0002","ix":3,"v":{"a":0,"k":[0.250980407,0.219607844949,1,1]}},{"ty":7,"nm":"Invert","mn":"ADBE Fill-0006","ix":4,"v":{"a":0,"k":0}},{"ty":0,"nm":"Horizontal Feather","mn":"ADBE Fill-0003","ix":5,"v":{"a":0,"k":0}},{"ty":0,"nm":"Vertical Feather","mn":"ADBE Fill-0004","ix":6,"v":{"a":0,"k":0}},{"ty":0,"nm":"Opacity","mn":"ADBE Fill-0005","ix":7,"v":{"a":0,"k":1}}]}],"tm":{"a":1,"k":[{"i":{"x":[0.3],"y":[1]},"o":{"x":[0.167],"y":[0.167]},"t":105,"s":[0]},{"i":{"x":[0.3],"y":[1]},"o":{"x":[0.167],"y":[0]},"t":145,"s":[0.5]},{"i":{"x":[0.3],"y":[1]},"o":{"x":[0.167],"y":[0]},"t":205,"s":[0.5]},{"t":265,"s":[0]}]},"w":72,"h":72,"ip":105,"op":266,"st":105,"bm":0},{"ddd":0,"ind":7,"ty":0,"nm":"B Checkerbox","parent":5,"refId":"comp_1","sr":1,"ks":{"p":{"a":0,"k":[50,50,0]},"a":{"a":0,"k":[36,36,0]}},"ao":0,"hasMask":true,"masksProperties":[{"inv":false,"mode":"a","pt":{"a":0,"k":{"i":[[0,0],[0,0],[0,0],[0,0]],"o":[[0,0],[0,0],[0,0],[0,0]],"v":[[72,0],[0,0],[0,72],[72,72]],"c":true}},"o":{"a":0,"k":100},"x":{"a":0,"k":0},"nm":"Mask 1"}],"ef":[{"ty":21,"nm":"Fill","np":9,"mn":"ADBE Fill","ix":1,"en":1,"ef":[{"ty":10,"nm":"Fill Mask","mn":"ADBE Fill-0001","ix":1,"v":{"a":0,"k":0}},{"ty":7,"nm":"All Masks","mn":"ADBE Fill-0007","ix":2,"v":{"a":0,"k":0}},{"ty":2,"nm":"Color","mn":"ADBE Fill-0002","ix":3,"v":{"a":0,"k":[0.258823543787,0.305882364511,0.341176480055,1]}},{"ty":7,"nm":"Invert","mn":"ADBE Fill-0006","ix":4,"v":{"a":0,"k":0}},{"ty":0,"nm":"Horizontal Feather","mn":"ADBE Fill-0003","ix":5,"v":{"a":0,"k":0}},{"ty":0,"nm":"Vertical Feather","mn":"ADBE Fill-0004","ix":6,"v":{"a":0,"k":0}},{"ty":0,"nm":"Opacity","mn":"ADBE Fill-0005","ix":7,"v":{"a":0,"k":1}}]}],"tm":{"a":1,"k":[{"i":{"x":[0.833],"y":[0.833]},"o":{"x":[0.7],"y":[0]},"t":75,"s":[0.5]},{"t":115,"s":[0]}]},"w":72,"h":72,"ip":75,"op":115,"st":15,"bm":0},{"ddd":0,"ind":8,"ty":0,"nm":"B Checkerbox","parent":5,"refId":"comp_1","sr":1,"ks":{"r":{"a":0,"k":90},"p":{"a":0,"k":[50,50,0]},"a":{"a":0,"k":[36,36,0]}},"ao":0,"hasMask":true,"masksProperties":[{"inv":false,"mode":"a","pt":{"a":0,"k":{"i":[[0,0],[0,0],[0,0],[0,0]],"o":[[0,0],[0,0],[0,0],[0,0]],"v":[[72,0],[0,0],[0,72],[72,72]],"c":true}},"o":{"a":0,"k":100},"x":{"a":0,"k":0},"nm":"Mask 1"}],"ef":[{"ty":21,"nm":"Fill","np":9,"mn":"ADBE Fill","ix":1,"en":1,"ef":[{"ty":10,"nm":"Fill Mask","mn":"ADBE Fill-0001","ix":1,"v":{"a":0,"k":0}},{"ty":7,"nm":"All Masks","mn":"ADBE Fill-0007","ix":2,"v":{"a":0,"k":0}},{"ty":2,"nm":"Color","mn":"ADBE Fill-0002","ix":3,"v":{"a":0,"k":[0.258823543787,0.305882364511,0.341176480055,1]}},{"ty":7,"nm":"Invert","mn":"ADBE Fill-0006","ix":4,"v":{"a":0,"k":0}},{"ty":0,"nm":"Horizontal Feather","mn":"ADBE Fill-0003","ix":5,"v":{"a":0,"k":0}},{"ty":0,"nm":"Vertical Feather","mn":"ADBE Fill-0004","ix":6,"v":{"a":0,"k":0}},{"ty":0,"nm":"Opacity","mn":"ADBE Fill-0005","ix":7,"v":{"a":0,"k":1}}]}],"tm":{"a":1,"k":[{"i":{"x":[0.17],"y":[1]},"o":{"x":[0.167],"y":[0.167]},"t":5,"s":[0]},{"t":65,"s":[0.5]}]},"w":72,"h":72,"ip":5,"op":75,"st":5,"bm":0},{"ddd":0,"ind":9,"ty":3,"nm":"Block Control","sr":1,"ks":{"o":{"a":0,"k":0},"p":{"s":true,"x":{"a":1,"k":[{"i":{"x":[0.3],"y":[1]},"o":{"x":[0.7],"y":[0]},"t":45,"s":[108]},{"i":{"x":[0.3],"y":[1]},"o":{"x":[0.7],"y":[0]},"t":80,"s":[216]},{"i":{"x":[0.3],"y":[1]},"o":{"x":[0.7],"y":[0]},"t":115,"s":[54]},{"i":{"x":[0.3],"y":[1]},"o":{"x":[0.7],"y":[0]},"t":150,"s":[54]},{"t":185,"s":[108]}]},"y":{"a":1,"k":[{"i":{"x":[0.3],"y":[1]},"o":{"x":[0.7],"y":[0]},"t":45,"s":[108]},{"i":{"x":[0.3],"y":[1]},"o":{"x":[0.7],"y":[0]},"t":80,"s":[216]},{"i":{"x":[0.3],"y":[1]},"o":{"x":[0.7],"y":[0]},"t":115,"s":[54]},{"i":{"x":[0.3],"y":[1]},"o":{"x":[0.7],"y":[0]},"t":150,"s":[54]},{"t":185,"s":[108]}]}},"a":{"a":0,"k":[50,50,0]},"s":{"a":1,"k":[{"i":{"x":[0.3,0.3,0.3],"y":[1,1,1]},"o":{"x":[0.7,0.7,0.7],"y":[0,0,0]},"t":45,"s":[100,100,100]},{"i":{"x":[0.3,0.3,0.3],"y":[1,1,1]},"o":{"x":[0.7,0.7,0.7],"y":[0,0,0]},"t":80,"s":[200,200,100]},{"i":{"x":[0.3,0.3,0.3],"y":[1,1,1]},"o":{"x":[0.7,0.7,0.7],"y":[0,0,0]},"t":115,"s":[50,50,100]},{"i":{"x":[0.3,0.3,0.3],"y":[1,1,1]},"o":{"x":[0.7,0.7,0.7],"y":[0,0,0]},"t":150,"s":[50,50,100]},{"t":185,"s":[100,100,100]}]}},"ao":0,"ip":0,"op":600,"st":0,"bm":0},{"ddd":0,"ind":10,"ty":0,"nm":"B Lines (Straight)","parent":9,"refId":"comp_0","sr":1,"ks":{"r":{"a":0,"k":-90},"p":{"a":0,"k":[-22,-22,0]},"a":{"a":0,"k":[36,36,0]}},"ao":0,"tm":{"a":1,"k":[{"i":{"x":[0.3],"y":[1]},"o":{"x":[0.167],"y":[0.167]},"t":75,"s":[0]},{"i":{"x":[0.3],"y":[1]},"o":{"x":[0.167],"y":[0]},"t":115,"s":[0.5]},{"i":{"x":[0.3],"y":[1]},"o":{"x":[0.167],"y":[0]},"t":205,"s":[0.5]},{"t":265,"s":[0]}]},"w":72,"h":72,"ip":75,"op":266,"st":75,"bm":0},{"ddd":0,"ind":11,"ty":0,"nm":"B Checkerbox","parent":9,"refId":"comp_1","sr":1,"ks":{"r":{"a":0,"k":90},"p":{"a":0,"k":[-22,-22,0]},"a":{"a":0,"k":[36,36,0]}},"ao":0,"hasMask":true,"masksProperties":[{"inv":false,"mode":"a","pt":{"a":0,"k":{"i":[[0,0],[0,0],[0,0],[0,0]],"o":[[0,0],[0,0],[0,0],[0,0]],"v":[[72,0],[0,0],[0,72],[72,72]],"c":true}},"o":{"a":0,"k":100},"x":{"a":0,"k":0},"nm":"Mask 1"}],"ef":[{"ty":21,"nm":"Fill","np":9,"mn":"ADBE Fill","ix":1,"en":1,"ef":[{"ty":10,"nm":"Fill Mask","mn":"ADBE Fill-0001","ix":1,"v":{"a":0,"k":0}},{"ty":7,"nm":"All Masks","mn":"ADBE Fill-0007","ix":2,"v":{"a":0,"k":0}},{"ty":2,"nm":"Color","mn":"ADBE Fill-0002","ix":3,"v":{"a":0,"k":[0.258823543787,0.305882364511,0.341176480055,1]}},{"ty":7,"nm":"Invert","mn":"ADBE Fill-0006","ix":4,"v":{"a":0,"k":0}},{"ty":0,"nm":"Horizontal Feather","mn":"ADBE Fill-0003","ix":5,"v":{"a":0,"k":0}},{"ty":0,"nm":"Vertical Feather","mn":"ADBE Fill-0004","ix":6,"v":{"a":0,"k":0}},{"ty":0,"nm":"Opacity","mn":"ADBE Fill-0005","ix":7,"v":{"a":0,"k":1}}]}],"tm":{"a":1,"k":[{"i":{"x":[0.833],"y":[0.833]},"o":{"x":[0.7],"y":[0]},"t":45,"s":[0.5]},{"t":85,"s":[0]}]},"w":72,"h":72,"ip":45,"op":85,"st":-15,"bm":0},{"ddd":0,"ind":12,"ty":0,"nm":"B Checkerbox","parent":9,"refId":"comp_1","sr":1,"ks":{"p":{"a":0,"k":[-22,-22,0]},"a":{"a":0,"k":[36,36,0]}},"ao":0,"hasMask":true,"masksProperties":[{"inv":false,"mode":"a","pt":{"a":0,"k":{"i":[[0,0],[0,0],[0,0],[0,0]],"o":[[0,0],[0,0],[0,0],[0,0]],"v":[[72,0],[0,0],[0,72],[72,72]],"c":true}},"o":{"a":0,"k":100},"x":{"a":0,"k":0},"nm":"Mask 1"}],"ef":[{"ty":21,"nm":"Fill","np":9,"mn":"ADBE Fill","ix":1,"en":1,"ef":[{"ty":10,"nm":"Fill Mask","mn":"ADBE Fill-0001","ix":1,"v":{"a":0,"k":0}},{"ty":7,"nm":"All Masks","mn":"ADBE Fill-0007","ix":2,"v":{"a":0,"k":0}},{"ty":2,"nm":"Color","mn":"ADBE Fill-0002","ix":3,"v":{"a":0,"k":[0.258823543787,0.305882364511,0.341176480055,1]}},{"ty":7,"nm":"Invert","mn":"ADBE Fill-0006","ix":4,"v":{"a":0,"k":0}},{"ty":0,"nm":"Horizontal Feather","mn":"ADBE Fill-0003","ix":5,"v":{"a":0,"k":0}},{"ty":0,"nm":"Vertical Feather","mn":"ADBE Fill-0004","ix":6,"v":{"a":0,"k":0}},{"ty":0,"nm":"Opacity","mn":"ADBE Fill-0005","ix":7,"v":{"a":0,"k":1}}]}],"tm":{"a":1,"k":[{"i":{"x":[0.17],"y":[1]},"o":{"x":[0.167],"y":[0.167]},"t":0,"s":[0]},{"t":60,"s":[0.5]}]},"w":72,"h":72,"ip":0,"op":45,"st":0,"bm":0}],"markers":[]}