{"v":"5.6.7","fr":60,"ip":0,"op":360,"w":144,"h":144,"nm":"Player Loader","ddd":0,"assets":[{"id":"comp_0","layers":[{"ddd":0,"ind":1,"ty":4,"nm":"Line 1","sr":1,"ks":{"p":{"s":true,"x":{"a":0,"k":36},"y":{"a":0,"k":36}}},"ao":0,"shapes":[{"d":1,"ty":"el","s":{"a":0,"k":[136,136]},"p":{"a":0,"k":[-36,36]},"nm":"Ellipse","hd":false},{"ty":"st","c":{"a":0,"k":[1,1,1,1]},"o":{"a":0,"k":100},"w":{"a":0,"k":8},"lc":1,"lj":1,"ml":4,"bm":0,"nm":"Stroke 1","hd":false},{"ty":"tm","s":{"a":1,"k":[{"i":{"x":[0.4],"y":[1]},"o":{"x":[0.6],"y":[0]},"t":30,"s":[0]},{"t":48,"s":[25]}]},"e":{"a":1,"k":[{"i":{"x":[0.4],"y":[1]},"o":{"x":[0.6],"y":[0]},"t":0,"s":[0]},{"t":20,"s":[25]}]},"o":{"a":0,"k":0},"m":1,"nm":"Trim Paths 1","hd":false},{"ty":"gr","it":[{"ty":"rc","d":1,"s":{"a":0,"k":[72,72]},"p":{"a":0,"k":[0,0]},"r":{"a":0,"k":0},"nm":"Rectangle Path 1","hd":false},{"ty":"fl","c":{"a":0,"k":[1,0,0,1]},"o":{"a":0,"k":100},"r":1,"bm":0,"nm":"Fill 1","hd":false},{"ty":"tr","p":{"a":0,"k":[0,0]},"a":{"a":0,"k":[0,0]},"s":{"a":0,"k":[100,100]},"r":{"a":0,"k":0},"o":{"a":0,"k":0},"sk":{"a":0,"k":0},"sa":{"a":0,"k":0},"nm":"Transform"}],"nm":"Mask","bm":0,"hd":false}],"ip":0,"op":60,"st":0,"bm":0},{"ddd":0,"ind":2,"ty":4,"nm":"Line 2","sr":1,"ks":{"p":{"s":true,"x":{"a":0,"k":36},"y":{"a":0,"k":36}}},"ao":0,"shapes":[{"d":1,"ty":"el","s":{"a":0,"k":[104,104]},"p":{"a":0,"k":[-36,36]},"nm":"Ellipse","hd":false},{"ty":"st","c":{"a":0,"k":[1,1,1,1]},"o":{"a":0,"k":100},"w":{"a":0,"k":8},"lc":1,"lj":1,"ml":4,"bm":0,"nm":"Stroke 1","hd":false},{"ty":"tm","s":{"a":1,"k":[{"i":{"x":[0.4],"y":[1]},"o":{"x":[0.6],"y":[0]},"t":33,"s":[0]},{"t":51,"s":[25]}]},"e":{"a":1,"k":[{"i":{"x":[0.4],"y":[1]},"o":{"x":[0.6],"y":[0]},"t":3,"s":[0]},{"t":23,"s":[25]}]},"o":{"a":0,"k":0},"m":1,"nm":"Trim Paths 1","hd":false},{"ty":"gr","it":[{"ty":"rc","d":1,"s":{"a":0,"k":[72,72]},"p":{"a":0,"k":[0,0]},"r":{"a":0,"k":0},"nm":"Rectangle Path 1","hd":false},{"ty":"fl","c":{"a":0,"k":[1,0,0,1]},"o":{"a":0,"k":100},"r":1,"bm":0,"nm":"Fill 1","hd":false},{"ty":"tr","p":{"a":0,"k":[0,0]},"a":{"a":0,"k":[0,0]},"s":{"a":0,"k":[100,100]},"r":{"a":0,"k":0},"o":{"a":0,"k":0},"sk":{"a":0,"k":0},"sa":{"a":0,"k":0},"nm":"Transform"}],"nm":"Mask","bm":0,"hd":false}],"ip":0,"op":60,"st":0,"bm":0},{"ddd":0,"ind":3,"ty":4,"nm":"Line 3","sr":1,"ks":{"p":{"s":true,"x":{"a":0,"k":36},"y":{"a":0,"k":36}}},"ao":0,"shapes":[{"d":1,"ty":"el","s":{"a":0,"k":[72,72]},"p":{"a":0,"k":[-36,36]},"nm":"Ellipse","hd":false},{"ty":"st","c":{"a":0,"k":[1,1,1,1]},"o":{"a":0,"k":100},"w":{"a":0,"k":8},"lc":1,"lj":1,"ml":4,"bm":0,"nm":"Stroke 1","hd":false},{"ty":"tm","s":{"a":1,"k":[{"i":{"x":[0.4],"y":[1]},"o":{"x":[0.6],"y":[0]},"t":36,"s":[0]},{"t":54,"s":[25]}]},"e":{"a":1,"k":[{"i":{"x":[0.4],"y":[1]},"o":{"x":[0.6],"y":[0]},"t":6,"s":[0]},{"t":26,"s":[25]}]},"o":{"a":0,"k":0},"m":1,"nm":"Trim Paths 1","hd":false},{"ty":"gr","it":[{"ty":"rc","d":1,"s":{"a":0,"k":[72,72]},"p":{"a":0,"k":[0,0]},"r":{"a":0,"k":0},"nm":"Rectangle Path 1","hd":false},{"ty":"fl","c":{"a":0,"k":[1,0,0,1]},"o":{"a":0,"k":100},"r":1,"bm":0,"nm":"Fill 1","hd":false},{"ty":"tr","p":{"a":0,"k":[0,0]},"a":{"a":0,"k":[0,0]},"s":{"a":0,"k":[100,100]},"r":{"a":0,"k":0},"o":{"a":0,"k":0},"sk":{"a":0,"k":0},"sa":{"a":0,"k":0},"nm":"Transform"}],"nm":"Mask","bm":0,"hd":false}],"ip":0,"op":60,"st":0,"bm":0},{"ddd":0,"ind":4,"ty":4,"nm":"Line 4","sr":1,"ks":{"p":{"s":true,"x":{"a":0,"k":36},"y":{"a":0,"k":36}}},"ao":0,"shapes":[{"d":1,"ty":"el","s":{"a":0,"k":[40,40]},"p":{"a":0,"k":[-36,36]},"nm":"Ellipse","hd":false},{"ty":"st","c":{"a":0,"k":[1,1,1,1]},"o":{"a":0,"k":100},"w":{"a":0,"k":8},"lc":1,"lj":1,"ml":4,"bm":0,"nm":"Stroke 1","hd":false},{"ty":"tm","s":{"a":1,"k":[{"i":{"x":[0.4],"y":[1]},"o":{"x":[0.6],"y":[0]},"t":39,"s":[0]},{"t":57,"s":[25]}]},"e":{"a":1,"k":[{"i":{"x":[0.4],"y":[1]},"o":{"x":[0.6],"y":[0]},"t":9,"s":[0]},{"t":29,"s":[25]}]},"o":{"a":0,"k":0},"m":1,"nm":"Trim Paths 1","hd":false},{"ty":"gr","it":[{"ty":"rc","d":1,"s":{"a":0,"k":[72,72]},"p":{"a":0,"k":[0,0]},"r":{"a":0,"k":0},"nm":"Rectangle Path 1","hd":false},{"ty":"fl","c":{"a":0,"k":[1,0,0,1]},"o":{"a":0,"k":100},"r":1,"bm":0,"nm":"Fill 1","hd":false},{"ty":"tr","p":{"a":0,"k":[0,0]},"a":{"a":0,"k":[0,0]},"s":{"a":0,"k":[100,100]},"r":{"a":0,"k":0},"o":{"a":0,"k":0},"sk":{"a":0,"k":0},"sa":{"a":0,"k":0},"nm":"Transform"}],"nm":"Mask","bm":0,"hd":false}],"ip":0,"op":60,"st":0,"bm":0},{"ddd":0,"ind":5,"ty":4,"nm":"Line 5","sr":1,"ks":{"p":{"s":true,"x":{"a":0,"k":36},"y":{"a":0,"k":36}}},"ao":0,"shapes":[{"d":1,"ty":"el","s":{"a":0,"k":[8,8]},"p":{"a":0,"k":[-36,36]},"nm":"Ellipse","hd":false},{"ty":"st","c":{"a":0,"k":[1,1,1,1]},"o":{"a":0,"k":100},"w":{"a":0,"k":8},"lc":1,"lj":1,"ml":4,"bm":0,"nm":"Stroke 1","hd":false},{"ty":"tm","s":{"a":1,"k":[{"i":{"x":[0.4],"y":[1]},"o":{"x":[0.6],"y":[0]},"t":42,"s":[0]},{"t":60,"s":[25]}]},"e":{"a":1,"k":[{"i":{"x":[0.4],"y":[1]},"o":{"x":[0.6],"y":[0]},"t":12,"s":[0]},{"t":32,"s":[25]}]},"o":{"a":0,"k":0},"m":1,"nm":"Trim Paths 1","hd":false},{"ty":"gr","it":[{"ty":"rc","d":1,"s":{"a":0,"k":[72,72]},"p":{"a":0,"k":[0,0]},"r":{"a":0,"k":0},"nm":"Rectangle Path 1","hd":false},{"ty":"fl","c":{"a":0,"k":[1,0,0,1]},"o":{"a":0,"k":100},"r":1,"bm":0,"nm":"Fill 1","hd":false},{"ty":"tr","p":{"a":0,"k":[0,0]},"a":{"a":0,"k":[0,0]},"s":{"a":0,"k":[100,100]},"r":{"a":0,"k":0},"o":{"a":0,"k":0},"sk":{"a":0,"k":0},"sa":{"a":0,"k":0},"nm":"Transform"}],"nm":"Mask","bm":0,"hd":false}],"ip":0,"op":60,"st":0,"bm":0}]},{"id":"comp_1","layers":[{"ddd":0,"ind":1,"ty":4,"nm":"Line 1","sr":1,"ks":{"p":{"s":true,"x":{"a":0,"k":36},"y":{"a":0,"k":4}}},"ao":0,"shapes":[{"ind":0,"ty":"sh","ks":{"a":0,"k":{"i":[[0,0],[0,0]],"o":[[0,0],[0,0]],"v":[[-36,0],[36,0]],"c":false}},"nm":"Line","hd":false},{"ty":"st","c":{"a":0,"k":[1,1,1,1]},"o":{"a":0,"k":100},"w":{"a":0,"k":8},"lc":1,"lj":1,"ml":4,"bm":0,"nm":"Stroke 1","hd":false},{"ty":"tm","s":{"a":1,"k":[{"i":{"x":[0.833],"y":[0.833]},"o":{"x":[0.7],"y":[0]},"t":30,"s":[0]},{"t":48,"s":[100]}]},"e":{"a":1,"k":[{"i":{"x":[0.3],"y":[1]},"o":{"x":[0.167],"y":[0.167]},"t":0,"s":[0]},{"t":18,"s":[100]}]},"o":{"a":0,"k":0},"m":1,"nm":"Trim Paths 1","hd":false},{"ty":"gr","it":[{"ty":"rc","d":1,"s":{"a":0,"k":[72,72]},"p":{"a":0,"k":[0,32]},"r":{"a":0,"k":0},"nm":"Rectangle Path 1","hd":false},{"ty":"fl","c":{"a":0,"k":[1,0,0,1]},"o":{"a":0,"k":100},"r":1,"bm":0,"nm":"Fill 1","hd":false},{"ty":"tr","p":{"a":0,"k":[0,0]},"a":{"a":0,"k":[0,0]},"s":{"a":0,"k":[100,100]},"r":{"a":0,"k":0},"o":{"a":0,"k":0},"sk":{"a":0,"k":0},"sa":{"a":0,"k":0},"nm":"Transform"}],"nm":"Mask","bm":0,"hd":false}],"ip":0,"op":60,"st":0,"bm":0},{"ddd":0,"ind":2,"ty":4,"nm":"Line 2","sr":1,"ks":{"p":{"s":true,"x":{"a":0,"k":36},"y":{"a":0,"k":20}}},"ao":0,"shapes":[{"ind":0,"ty":"sh","ks":{"a":0,"k":{"i":[[0,0],[0,0]],"o":[[0,0],[0,0]],"v":[[-36,0],[36,0]],"c":false}},"nm":"Line","hd":false},{"ty":"st","c":{"a":0,"k":[1,1,1,1]},"o":{"a":0,"k":100},"w":{"a":0,"k":8},"lc":1,"lj":1,"ml":4,"bm":0,"nm":"Stroke 1","hd":false},{"ty":"tm","s":{"a":1,"k":[{"i":{"x":[0.833],"y":[0.833]},"o":{"x":[0.7],"y":[0]},"t":33,"s":[0]},{"t":51,"s":[100]}]},"e":{"a":1,"k":[{"i":{"x":[0.3],"y":[1]},"o":{"x":[0.167],"y":[0.167]},"t":3,"s":[0]},{"t":21,"s":[100]}]},"o":{"a":0,"k":0},"m":1,"nm":"Trim Paths 1","hd":false},{"ty":"gr","it":[{"ty":"rc","d":1,"s":{"a":0,"k":[72,72]},"p":{"a":0,"k":[0,16]},"r":{"a":0,"k":0},"nm":"Rectangle Path 1","hd":false},{"ty":"fl","c":{"a":0,"k":[1,0,0,1]},"o":{"a":0,"k":100},"r":1,"bm":0,"nm":"Fill 1","hd":false},{"ty":"tr","p":{"a":0,"k":[0,0]},"a":{"a":0,"k":[0,0]},"s":{"a":0,"k":[100,100]},"r":{"a":0,"k":0},"o":{"a":0,"k":0},"sk":{"a":0,"k":0},"sa":{"a":0,"k":0},"nm":"Transform"}],"nm":"Mask","bm":0,"hd":false}],"ip":0,"op":60,"st":0,"bm":0},{"ddd":0,"ind":3,"ty":4,"nm":"Line 3","sr":1,"ks":{"p":{"s":true,"x":{"a":0,"k":36},"y":{"a":0,"k":36}}},"ao":0,"shapes":[{"ind":0,"ty":"sh","ks":{"a":0,"k":{"i":[[0,0],[0,0]],"o":[[0,0],[0,0]],"v":[[-36,0],[36,0]],"c":false}},"nm":"Line","hd":false},{"ty":"st","c":{"a":0,"k":[1,1,1,1]},"o":{"a":0,"k":100},"w":{"a":0,"k":8},"lc":1,"lj":1,"ml":4,"bm":0,"nm":"Stroke 1","hd":false},{"ty":"tm","s":{"a":1,"k":[{"i":{"x":[0.833],"y":[0.833]},"o":{"x":[0.7],"y":[0]},"t":36,"s":[0]},{"t":54,"s":[100]}]},"e":{"a":1,"k":[{"i":{"x":[0.3],"y":[1]},"o":{"x":[0.167],"y":[0.167]},"t":6,"s":[0]},{"t":24,"s":[100]}]},"o":{"a":0,"k":0},"m":1,"nm":"Trim Paths 1","hd":false},{"ty":"gr","it":[{"ty":"rc","d":1,"s":{"a":0,"k":[72,72]},"p":{"a":0,"k":[0,0]},"r":{"a":0,"k":0},"nm":"Rectangle Path 1","hd":false},{"ty":"fl","c":{"a":0,"k":[1,0,0,1]},"o":{"a":0,"k":100},"r":1,"bm":0,"nm":"Fill 1","hd":false},{"ty":"tr","p":{"a":0,"k":[0,0]},"a":{"a":0,"k":[0,0]},"s":{"a":0,"k":[100,100]},"r":{"a":0,"k":0},"o":{"a":0,"k":0},"sk":{"a":0,"k":0},"sa":{"a":0,"k":0},"nm":"Transform"}],"nm":"Mask","bm":0,"hd":false}],"ip":0,"op":60,"st":0,"bm":0},{"ddd":0,"ind":4,"ty":4,"nm":"Line 4","sr":1,"ks":{"p":{"s":true,"x":{"a":0,"k":36},"y":{"a":0,"k":52}}},"ao":0,"shapes":[{"ind":0,"ty":"sh","ks":{"a":0,"k":{"i":[[0,0],[0,0]],"o":[[0,0],[0,0]],"v":[[-36,0],[36,0]],"c":false}},"nm":"Line","hd":false},{"ty":"st","c":{"a":0,"k":[1,1,1,1]},"o":{"a":0,"k":100},"w":{"a":0,"k":8},"lc":1,"lj":1,"ml":4,"bm":0,"nm":"Stroke 1","hd":false},{"ty":"tm","s":{"a":1,"k":[{"i":{"x":[0.833],"y":[0.833]},"o":{"x":[0.7],"y":[0]},"t":39,"s":[0]},{"t":57,"s":[100]}]},"e":{"a":1,"k":[{"i":{"x":[0.3],"y":[1]},"o":{"x":[0.167],"y":[0.167]},"t":9,"s":[0]},{"t":27,"s":[100]}]},"o":{"a":0,"k":0},"m":1,"nm":"Trim Paths 1","hd":false},{"ty":"gr","it":[{"ty":"rc","d":1,"s":{"a":0,"k":[72,72]},"p":{"a":0,"k":[0,-16]},"r":{"a":0,"k":0},"nm":"Rectangle Path 1","hd":false},{"ty":"fl","c":{"a":0,"k":[1,0,0,1]},"o":{"a":0,"k":100},"r":1,"bm":0,"nm":"Fill 1","hd":false},{"ty":"tr","p":{"a":0,"k":[0,0]},"a":{"a":0,"k":[0,0]},"s":{"a":0,"k":[100,100]},"r":{"a":0,"k":0},"o":{"a":0,"k":0},"sk":{"a":0,"k":0},"sa":{"a":0,"k":0},"nm":"Transform"}],"nm":"Mask","bm":0,"hd":false}],"ip":0,"op":60,"st":0,"bm":0},{"ddd":0,"ind":5,"ty":4,"nm":"Line 5","sr":1,"ks":{"p":{"s":true,"x":{"a":0,"k":36},"y":{"a":0,"k":68}}},"ao":0,"shapes":[{"ind":0,"ty":"sh","ks":{"a":0,"k":{"i":[[0,0],[0,0]],"o":[[0,0],[0,0]],"v":[[-36,0],[36,0]],"c":false}},"nm":"Line","hd":false},{"ty":"st","c":{"a":0,"k":[1,1,1,1]},"o":{"a":0,"k":100},"w":{"a":0,"k":8},"lc":1,"lj":1,"ml":4,"bm":0,"nm":"Stroke 1","hd":false},{"ty":"tm","s":{"a":1,"k":[{"i":{"x":[0.833],"y":[0.833]},"o":{"x":[0.7],"y":[0]},"t":42,"s":[0]},{"t":60,"s":[100]}]},"e":{"a":1,"k":[{"i":{"x":[0.3],"y":[1]},"o":{"x":[0.167],"y":[0.167]},"t":12,"s":[0]},{"t":30,"s":[100]}]},"o":{"a":0,"k":0},"m":1,"nm":"Trim Paths 1","hd":false},{"ty":"gr","it":[{"ty":"rc","d":1,"s":{"a":0,"k":[72,72]},"p":{"a":0,"k":[0,-32]},"r":{"a":0,"k":0},"nm":"Rectangle Path 1","hd":false},{"ty":"fl","c":{"a":0,"k":[1,0,0,1]},"o":{"a":0,"k":100},"r":1,"bm":0,"nm":"Fill 1","hd":false},{"ty":"tr","p":{"a":0,"k":[0,0]},"a":{"a":0,"k":[0,0]},"s":{"a":0,"k":[100,100]},"r":{"a":0,"k":0},"o":{"a":0,"k":0},"sk":{"a":0,"k":0},"sa":{"a":0,"k":0},"nm":"Transform"}],"nm":"Mask","bm":0,"hd":false}],"ip":0,"op":60,"st":0,"bm":0}]},{"id":"comp_2","layers":[{"ddd":0,"ind":1,"ty":4,"nm":"Demicircle","td":1,"sr":1,"ks":{"p":{"a":0,"k":[36,36,0]}},"ao":0,"shapes":[{"ty":"gr","it":[{"ind":0,"ty":"sh","ks":{"a":0,"k":{"i":[[39.764,0],[0,0],[0,0],[0,0],[0,0]],"o":[[0,0],[0,0],[0,0],[0,0],[0,39.764]],"v":[[-36,36],[-36,36],[-36,-36],[36,-36],[36,-36]],"c":true}},"nm":"Path 1","hd":false},{"ty":"tr","p":{"a":0,"k":[-36,-36]},"a":{"a":0,"k":[-36,-36]},"s":{"a":1,"k":[{"i":{"x":[0.4,0.4],"y":[1,1]},"o":{"x":[0.6,0.6],"y":[0,0]},"t":0,"s":[0,0]},{"t":20,"s":[100,100]}]},"r":{"a":0,"k":0},"o":{"a":0,"k":100},"sk":{"a":0,"k":0},"sa":{"a":0,"k":0},"nm":"Transform"}],"nm":"Demicircle","bm":0,"hd":false},{"ty":"fl","c":{"a":0,"k":[1,1,1,1]},"o":{"a":0,"k":100},"r":1,"bm":0,"nm":"Fill 1","hd":false}],"ip":0,"op":60,"st":0,"bm":0},{"ddd":0,"ind":2,"ty":4,"nm":"Mask","tt":1,"sr":1,"ks":{"r":{"a":1,"k":[{"i":{"x":[0.667],"y":[1]},"o":{"x":[0.6],"y":[0]},"t":30,"s":[0]},{"t":50,"s":[-90]}]},"a":{"a":0,"k":[-36,-36,0]}},"ao":0,"shapes":[{"ty":"gr","it":[{"ty":"rc","d":1,"s":{"a":0,"k":[72,72]},"p":{"a":0,"k":[0,0]},"r":{"a":0,"k":0},"nm":"Rectangle Path 1","hd":false},{"ty":"fl","c":{"a":0,"k":[1,1,1,1]},"o":{"a":0,"k":100},"r":1,"bm":0,"nm":"Fill 1","hd":false},{"ty":"tr","p":{"a":0,"k":[0,0]},"a":{"a":0,"k":[0,0]},"s":{"a":0,"k":[100,100]},"r":{"a":0,"k":0},"o":{"a":0,"k":100},"sk":{"a":0,"k":0},"sa":{"a":0,"k":0},"nm":"Transform"}],"nm":"Rectangle 1","bm":0,"hd":false}],"ip":0,"op":60,"st":0,"bm":0}]},{"id":"comp_3","layers":[{"ddd":0,"ind":2,"ty":4,"nm":"Line 3","sr":1,"ks":{"p":{"a":0,"k":[36,36,0]}},"ao":0,"shapes":[{"ind":0,"ty":"sh","ks":{"a":0,"k":{"i":[[0,0],[0,0]],"o":[[0,0],[0,0]],"v":[[38.891,-28.991],[28.991,-38.891]],"c":false}},"nm":"Path 1","hd":false},{"ty":"tm","s":{"a":1,"k":[{"i":{"x":[0.4],"y":[1]},"o":{"x":[0.6],"y":[0]},"t":12,"s":[100]},{"t":34,"s":[0]}]},"e":{"a":1,"k":[{"i":{"x":[0.4],"y":[1]},"o":{"x":[0.6],"y":[0]},"t":42,"s":[100]},{"t":60,"s":[0]}]},"o":{"a":0,"k":0},"m":1,"nm":"Trim Paths 1","hd":false},{"ty":"st","c":{"a":0,"k":[1,1,1,1]},"o":{"a":0,"k":100},"w":{"a":0,"k":8},"lc":1,"lj":1,"ml":4,"bm":0,"nm":"Stroke","hd":false}],"ip":0,"op":60,"st":0,"bm":0},{"ddd":0,"ind":3,"ty":4,"nm":"Line 2","sr":1,"ks":{"p":{"a":0,"k":[36,36,0]}},"ao":0,"shapes":[{"ind":0,"ty":"sh","ks":{"a":0,"k":{"i":[[0,0],[0,0]],"o":[[0,0],[0,0]],"v":[[38.891,-6.364],[6.364,-38.891]],"c":false}},"nm":"Path 1","hd":false},{"ty":"tm","s":{"a":1,"k":[{"i":{"x":[0.4],"y":[1]},"o":{"x":[0.6],"y":[0]},"t":8,"s":[100]},{"t":30,"s":[0]}]},"e":{"a":1,"k":[{"i":{"x":[0.4],"y":[1]},"o":{"x":[0.6],"y":[0]},"t":38,"s":[100]},{"t":56,"s":[0]}]},"o":{"a":0,"k":0},"m":1,"nm":"Trim Paths 1","hd":false},{"ty":"st","c":{"a":0,"k":[1,1,1,1]},"o":{"a":0,"k":100},"w":{"a":0,"k":8},"lc":1,"lj":1,"ml":4,"bm":0,"nm":"Stroke","hd":false}],"ip":0,"op":60,"st":0,"bm":0},{"ddd":0,"ind":4,"ty":4,"nm":"Line 1","sr":1,"ks":{"p":{"a":0,"k":[36,36,0]}},"ao":0,"shapes":[{"ind":0,"ty":"sh","ks":{"a":0,"k":{"i":[[0,0],[0,0]],"o":[[0,0],[0,0]],"v":[[38.891,16.264],[-16.264,-38.891]],"c":false}},"nm":"Path 1","hd":false},{"ty":"tm","s":{"a":1,"k":[{"i":{"x":[0.4],"y":[1]},"o":{"x":[0.6],"y":[0]},"t":4,"s":[100]},{"t":26,"s":[0]}]},"e":{"a":1,"k":[{"i":{"x":[0.4],"y":[1]},"o":{"x":[0.6],"y":[0]},"t":34,"s":[100]},{"t":52,"s":[0]}]},"o":{"a":0,"k":0},"m":1,"nm":"Trim Paths 1","hd":false},{"ty":"st","c":{"a":0,"k":[1,1,1,1]},"o":{"a":0,"k":100},"w":{"a":0,"k":8},"lc":1,"lj":1,"ml":4,"bm":0,"nm":"Stroke","hd":false}],"ip":0,"op":60,"st":0,"bm":0},{"ddd":0,"ind":5,"ty":4,"nm":"Line 0","sr":1,"ks":{"p":{"a":0,"k":[36,36,0]}},"ao":0,"shapes":[{"ind":0,"ty":"sh","ks":{"a":0,"k":{"i":[[0,0],[0,0]],"o":[[0,0],[0,0]],"v":[[36.062,36.063],[-36.062,-36.062]],"c":false}},"nm":"Path 1","hd":false},{"ty":"tm","s":{"a":1,"k":[{"i":{"x":[0.4],"y":[1]},"o":{"x":[0.6],"y":[0]},"t":0,"s":[100]},{"t":22,"s":[0]}]},"e":{"a":1,"k":[{"i":{"x":[0.4],"y":[1]},"o":{"x":[0.6],"y":[0]},"t":30,"s":[100]},{"t":48,"s":[0]}]},"o":{"a":0,"k":0},"m":1,"nm":"Trim Paths 1","hd":false},{"ty":"st","c":{"a":0,"k":[1,1,1,1]},"o":{"a":0,"k":100},"w":{"a":0,"k":8},"lc":1,"lj":1,"ml":4,"bm":0,"nm":"Stroke","hd":false}],"ip":0,"op":60,"st":0,"bm":0},{"ddd":0,"ind":6,"ty":4,"nm":"Line -1","sr":1,"ks":{"p":{"a":0,"k":[36,36,0]}},"ao":0,"shapes":[{"ind":0,"ty":"sh","ks":{"a":0,"k":{"i":[[0,0],[0,0]],"o":[[0,0],[0,0]],"v":[[16.264,38.891],[-38.891,-16.263]],"c":false}},"nm":"Path 1","hd":false},{"ty":"tm","s":{"a":1,"k":[{"i":{"x":[0.4],"y":[1]},"o":{"x":[0.6],"y":[0]},"t":4,"s":[100]},{"t":26,"s":[0]}]},"e":{"a":1,"k":[{"i":{"x":[0.4],"y":[1]},"o":{"x":[0.6],"y":[0]},"t":34,"s":[100]},{"t":52,"s":[0]}]},"o":{"a":0,"k":0},"m":1,"nm":"Trim Paths 1","hd":false},{"ty":"st","c":{"a":0,"k":[1,1,1,1]},"o":{"a":0,"k":100},"w":{"a":0,"k":8},"lc":1,"lj":1,"ml":4,"bm":0,"nm":"Stroke","hd":false}],"ip":0,"op":60,"st":0,"bm":0},{"ddd":0,"ind":7,"ty":4,"nm":"Line -2","sr":1,"ks":{"p":{"a":0,"k":[36,36,0]}},"ao":0,"shapes":[{"ind":0,"ty":"sh","ks":{"a":0,"k":{"i":[[0,0],[0,0]],"o":[[0,0],[0,0]],"v":[[-6.364,38.891],[-38.891,6.364]],"c":false}},"nm":"Path 1","hd":false},{"ty":"tm","s":{"a":1,"k":[{"i":{"x":[0.4],"y":[1]},"o":{"x":[0.6],"y":[0]},"t":8,"s":[100]},{"t":30,"s":[0]}]},"e":{"a":1,"k":[{"i":{"x":[0.4],"y":[1]},"o":{"x":[0.6],"y":[0]},"t":38,"s":[100]},{"t":56,"s":[0]}]},"o":{"a":0,"k":0},"m":1,"nm":"Trim Paths 1","hd":false},{"ty":"st","c":{"a":0,"k":[1,1,1,1]},"o":{"a":0,"k":100},"w":{"a":0,"k":8},"lc":1,"lj":1,"ml":4,"bm":0,"nm":"Stroke","hd":false}],"ip":0,"op":60,"st":0,"bm":0},{"ddd":0,"ind":8,"ty":4,"nm":"Line -3","sr":1,"ks":{"p":{"a":0,"k":[36,36,0]}},"ao":0,"shapes":[{"ind":0,"ty":"sh","ks":{"a":0,"k":{"i":[[0,0],[0,0]],"o":[[0,0],[0,0]],"v":[[-28.991,38.891],[-38.891,28.992]],"c":false}},"nm":"Path 1","hd":false},{"ty":"tm","s":{"a":1,"k":[{"i":{"x":[0.4],"y":[1]},"o":{"x":[0.6],"y":[0]},"t":12,"s":[100]},{"t":34,"s":[0]}]},"e":{"a":1,"k":[{"i":{"x":[0.4],"y":[1]},"o":{"x":[0.6],"y":[0]},"t":42,"s":[100]},{"t":60,"s":[0]}]},"o":{"a":0,"k":0},"m":1,"nm":"Trim Paths 1","hd":false},{"ty":"st","c":{"a":0,"k":[1,1,1,1]},"o":{"a":0,"k":100},"w":{"a":0,"k":8},"lc":1,"lj":1,"ml":4,"bm":0,"nm":"Stroke","hd":false}],"ip":0,"op":60,"st":0,"bm":0}]},{"id":"comp_4","layers":[{"ddd":0,"ind":2,"ty":4,"nm":"Line 1","sr":1,"ks":{"p":{"s":true,"x":{"a":1,"k":[{"i":{"x":[0.3],"y":[1]},"o":{"x":[0.167],"y":[0.167]},"t":0,"s":[-68]},{"t":19,"s":[4]}]},"y":{"a":0,"k":4}}},"ao":0,"shapes":[{"ty":"gr","it":[{"ty":"rc","d":1,"s":{"a":0,"k":[8,8]},"p":{"a":0,"k":[0,0]},"r":{"a":0,"k":0},"nm":"Box","hd":false},{"ty":"tr","p":{"a":0,"k":[4,4]},"a":{"a":0,"k":[4,4]},"s":{"a":1,"k":[{"i":{"x":[0.833,0.833],"y":[0.833,0.833]},"o":{"x":[0.167,0.167],"y":[0.167,0.167]},"t":30,"s":[100,100]},{"t":50,"s":[0,0]}]},"r":{"a":0,"k":0},"o":{"a":0,"k":100},"sk":{"a":0,"k":0},"sa":{"a":0,"k":0},"nm":"Transform"}],"nm":"Box","bm":0,"hd":false},{"ty":"rp","c":{"a":0,"k":5},"o":{"a":0,"k":0},"m":1,"tr":{"ty":"tr","p":{"a":0,"k":[16,0]},"a":{"a":0,"k":[0,0]},"s":{"a":0,"k":[100,100]},"r":{"a":0,"k":0},"so":{"a":0,"k":100},"eo":{"a":0,"k":100},"nm":"Transform"},"nm":"Repeater 1","hd":false},{"ty":"fl","c":{"a":0,"k":[1,1,1,1]},"o":{"a":0,"k":100},"r":1,"bm":0,"nm":"Fill 1","hd":false}],"ip":0,"op":60,"st":0,"bm":0},{"ddd":0,"ind":3,"ty":4,"nm":"Line 9","sr":1,"ks":{"p":{"s":true,"x":{"a":1,"k":[{"i":{"x":[0.3],"y":[1]},"o":{"x":[0.167],"y":[0.167]},"t":1,"s":[-76]},{"t":20,"s":[-4]}]},"y":{"a":0,"k":12}}},"ao":0,"shapes":[{"ty":"gr","it":[{"ty":"rc","d":1,"s":{"a":0,"k":[8,8]},"p":{"a":0,"k":[0,0]},"r":{"a":0,"k":0},"nm":"Box","hd":false},{"ty":"tr","p":{"a":0,"k":[4,4]},"a":{"a":0,"k":[4,4]},"s":{"a":1,"k":[{"i":{"x":[0.833,0.833],"y":[0.833,0.833]},"o":{"x":[0.167,0.167],"y":[0.167,0.167]},"t":31,"s":[100,100]},{"t":51,"s":[0,0]}]},"r":{"a":0,"k":0},"o":{"a":0,"k":100},"sk":{"a":0,"k":0},"sa":{"a":0,"k":0},"nm":"Transform"}],"nm":"Box","bm":0,"hd":false},{"ty":"rp","c":{"a":0,"k":5},"o":{"a":0,"k":0},"m":1,"tr":{"ty":"tr","p":{"a":0,"k":[16,0]},"a":{"a":0,"k":[0,0]},"s":{"a":0,"k":[100,100]},"r":{"a":0,"k":0},"so":{"a":0,"k":100},"eo":{"a":0,"k":100},"nm":"Transform"},"nm":"Repeater 1","hd":false},{"ty":"fl","c":{"a":0,"k":[1,1,1,1]},"o":{"a":0,"k":100},"r":1,"bm":0,"nm":"Fill 1","hd":false}],"ip":0,"op":60,"st":0,"bm":0},{"ddd":0,"ind":4,"ty":4,"nm":"Line 8","sr":1,"ks":{"p":{"s":true,"x":{"a":1,"k":[{"i":{"x":[0.3],"y":[1]},"o":{"x":[0.167],"y":[0.167]},"t":2,"s":[-68]},{"t":21,"s":[4]}]},"y":{"a":0,"k":20}}},"ao":0,"shapes":[{"ty":"gr","it":[{"ty":"rc","d":1,"s":{"a":0,"k":[8,8]},"p":{"a":0,"k":[0,0]},"r":{"a":0,"k":0},"nm":"Box","hd":false},{"ty":"tr","p":{"a":0,"k":[4,4]},"a":{"a":0,"k":[4,4]},"s":{"a":1,"k":[{"i":{"x":[0.833,0.833],"y":[0.833,0.833]},"o":{"x":[0.167,0.167],"y":[0.167,0.167]},"t":32,"s":[100,100]},{"t":52,"s":[0,0]}]},"r":{"a":0,"k":0},"o":{"a":0,"k":100},"sk":{"a":0,"k":0},"sa":{"a":0,"k":0},"nm":"Transform"}],"nm":"Box","bm":0,"hd":false},{"ty":"rp","c":{"a":0,"k":5},"o":{"a":0,"k":0},"m":1,"tr":{"ty":"tr","p":{"a":0,"k":[16,0]},"a":{"a":0,"k":[0,0]},"s":{"a":0,"k":[100,100]},"r":{"a":0,"k":0},"so":{"a":0,"k":100},"eo":{"a":0,"k":100},"nm":"Transform"},"nm":"Repeater 1","hd":false},{"ty":"fl","c":{"a":0,"k":[1,1,1,1]},"o":{"a":0,"k":100},"r":1,"bm":0,"nm":"Fill 1","hd":false}],"ip":0,"op":60,"st":0,"bm":0},{"ddd":0,"ind":5,"ty":4,"nm":"Line 7","sr":1,"ks":{"p":{"s":true,"x":{"a":1,"k":[{"i":{"x":[0.3],"y":[1]},"o":{"x":[0.167],"y":[0.167]},"t":3,"s":[-76]},{"t":22,"s":[-4]}]},"y":{"a":0,"k":28}}},"ao":0,"shapes":[{"ty":"gr","it":[{"ty":"rc","d":1,"s":{"a":0,"k":[8,8]},"p":{"a":0,"k":[0,0]},"r":{"a":0,"k":0},"nm":"Box","hd":false},{"ty":"tr","p":{"a":0,"k":[4,4]},"a":{"a":0,"k":[4,4]},"s":{"a":1,"k":[{"i":{"x":[0.833,0.833],"y":[0.833,0.833]},"o":{"x":[0.167,0.167],"y":[0.167,0.167]},"t":33,"s":[100,100]},{"t":53,"s":[0,0]}]},"r":{"a":0,"k":0},"o":{"a":0,"k":100},"sk":{"a":0,"k":0},"sa":{"a":0,"k":0},"nm":"Transform"}],"nm":"Box","bm":0,"hd":false},{"ty":"rp","c":{"a":0,"k":5},"o":{"a":0,"k":0},"m":1,"tr":{"ty":"tr","p":{"a":0,"k":[16,0]},"a":{"a":0,"k":[0,0]},"s":{"a":0,"k":[100,100]},"r":{"a":0,"k":0},"so":{"a":0,"k":100},"eo":{"a":0,"k":100},"nm":"Transform"},"nm":"Repeater 1","hd":false},{"ty":"fl","c":{"a":0,"k":[1,1,1,1]},"o":{"a":0,"k":100},"r":1,"bm":0,"nm":"Fill 1","hd":false}],"ip":0,"op":60,"st":0,"bm":0},{"ddd":0,"ind":6,"ty":4,"nm":"Line 6","sr":1,"ks":{"p":{"s":true,"x":{"a":1,"k":[{"i":{"x":[0.3],"y":[1]},"o":{"x":[0.167],"y":[0.167]},"t":5,"s":[-68]},{"t":24,"s":[4]}]},"y":{"a":0,"k":36}}},"ao":0,"shapes":[{"ty":"gr","it":[{"ty":"rc","d":1,"s":{"a":0,"k":[8,8]},"p":{"a":0,"k":[0,0]},"r":{"a":0,"k":0},"nm":"Box","hd":false},{"ty":"tr","p":{"a":0,"k":[4,4]},"a":{"a":0,"k":[4,4]},"s":{"a":1,"k":[{"i":{"x":[0.833,0.833],"y":[0.833,0.833]},"o":{"x":[0.167,0.167],"y":[0.167,0.167]},"t":35,"s":[100,100]},{"t":55,"s":[0,0]}]},"r":{"a":0,"k":0},"o":{"a":0,"k":100},"sk":{"a":0,"k":0},"sa":{"a":0,"k":0},"nm":"Transform"}],"nm":"Box","bm":0,"hd":false},{"ty":"rp","c":{"a":0,"k":5},"o":{"a":0,"k":0},"m":1,"tr":{"ty":"tr","p":{"a":0,"k":[16,0]},"a":{"a":0,"k":[0,0]},"s":{"a":0,"k":[100,100]},"r":{"a":0,"k":0},"so":{"a":0,"k":100},"eo":{"a":0,"k":100},"nm":"Transform"},"nm":"Repeater 1","hd":false},{"ty":"fl","c":{"a":0,"k":[1,1,1,1]},"o":{"a":0,"k":100},"r":1,"bm":0,"nm":"Fill 1","hd":false}],"ip":0,"op":60,"st":0,"bm":0},{"ddd":0,"ind":7,"ty":4,"nm":"Line 5","sr":1,"ks":{"p":{"s":true,"x":{"a":1,"k":[{"i":{"x":[0.3],"y":[1]},"o":{"x":[0.167],"y":[0.167]},"t":6,"s":[-76]},{"t":25,"s":[-4]}]},"y":{"a":0,"k":44}}},"ao":0,"shapes":[{"ty":"gr","it":[{"ty":"rc","d":1,"s":{"a":0,"k":[8,8]},"p":{"a":0,"k":[0,0]},"r":{"a":0,"k":0},"nm":"Box","hd":false},{"ty":"tr","p":{"a":0,"k":[4,4]},"a":{"a":0,"k":[4,4]},"s":{"a":1,"k":[{"i":{"x":[0.833,0.833],"y":[0.833,0.833]},"o":{"x":[0.167,0.167],"y":[0.167,0.167]},"t":36,"s":[100,100]},{"t":56,"s":[0,0]}]},"r":{"a":0,"k":0},"o":{"a":0,"k":100},"sk":{"a":0,"k":0},"sa":{"a":0,"k":0},"nm":"Transform"}],"nm":"Box","bm":0,"hd":false},{"ty":"rp","c":{"a":0,"k":5},"o":{"a":0,"k":0},"m":1,"tr":{"ty":"tr","p":{"a":0,"k":[16,0]},"a":{"a":0,"k":[0,0]},"s":{"a":0,"k":[100,100]},"r":{"a":0,"k":0},"so":{"a":0,"k":100},"eo":{"a":0,"k":100},"nm":"Transform"},"nm":"Repeater 1","hd":false},{"ty":"fl","c":{"a":0,"k":[1,1,1,1]},"o":{"a":0,"k":100},"r":1,"bm":0,"nm":"Fill 1","hd":false}],"ip":0,"op":60,"st":0,"bm":0},{"ddd":0,"ind":8,"ty":4,"nm":"Line 4","sr":1,"ks":{"p":{"s":true,"x":{"a":1,"k":[{"i":{"x":[0.3],"y":[1]},"o":{"x":[0.167],"y":[0.167]},"t":7,"s":[-68]},{"t":26,"s":[4]}]},"y":{"a":0,"k":52}}},"ao":0,"shapes":[{"ty":"gr","it":[{"ty":"rc","d":1,"s":{"a":0,"k":[8,8]},"p":{"a":0,"k":[0,0]},"r":{"a":0,"k":0},"nm":"Box","hd":false},{"ty":"tr","p":{"a":0,"k":[4,4]},"a":{"a":0,"k":[4,4]},"s":{"a":1,"k":[{"i":{"x":[0.833,0.833],"y":[0.833,0.833]},"o":{"x":[0.167,0.167],"y":[0.167,0.167]},"t":37,"s":[100,100]},{"t":57,"s":[0,0]}]},"r":{"a":0,"k":0},"o":{"a":0,"k":100},"sk":{"a":0,"k":0},"sa":{"a":0,"k":0},"nm":"Transform"}],"nm":"Box","bm":0,"hd":false},{"ty":"rp","c":{"a":0,"k":5},"o":{"a":0,"k":0},"m":1,"tr":{"ty":"tr","p":{"a":0,"k":[16,0]},"a":{"a":0,"k":[0,0]},"s":{"a":0,"k":[100,100]},"r":{"a":0,"k":0},"so":{"a":0,"k":100},"eo":{"a":0,"k":100},"nm":"Transform"},"nm":"Repeater 1","hd":false},{"ty":"fl","c":{"a":0,"k":[1,1,1,1]},"o":{"a":0,"k":100},"r":1,"bm":0,"nm":"Fill 1","hd":false}],"ip":0,"op":60,"st":0,"bm":0},{"ddd":0,"ind":9,"ty":4,"nm":"Line 3","sr":1,"ks":{"p":{"s":true,"x":{"a":1,"k":[{"i":{"x":[0.3],"y":[1]},"o":{"x":[0.167],"y":[0.167]},"t":9,"s":[-76]},{"t":28,"s":[-4]}]},"y":{"a":0,"k":60}}},"ao":0,"shapes":[{"ty":"gr","it":[{"ty":"rc","d":1,"s":{"a":0,"k":[8,8]},"p":{"a":0,"k":[0,0]},"r":{"a":0,"k":0},"nm":"Box","hd":false},{"ty":"tr","p":{"a":0,"k":[4,4]},"a":{"a":0,"k":[4,4]},"s":{"a":1,"k":[{"i":{"x":[0.833,0.833],"y":[0.833,0.833]},"o":{"x":[0.167,0.167],"y":[0.167,0.167]},"t":39,"s":[100,100]},{"t":59,"s":[0,0]}]},"r":{"a":0,"k":0},"o":{"a":0,"k":100},"sk":{"a":0,"k":0},"sa":{"a":0,"k":0},"nm":"Transform"}],"nm":"Box","bm":0,"hd":false},{"ty":"rp","c":{"a":0,"k":5},"o":{"a":0,"k":0},"m":1,"tr":{"ty":"tr","p":{"a":0,"k":[16,0]},"a":{"a":0,"k":[0,0]},"s":{"a":0,"k":[100,100]},"r":{"a":0,"k":0},"so":{"a":0,"k":100},"eo":{"a":0,"k":100},"nm":"Transform"},"nm":"Repeater 1","hd":false},{"ty":"fl","c":{"a":0,"k":[1,1,1,1]},"o":{"a":0,"k":100},"r":1,"bm":0,"nm":"Fill 1","hd":false}],"ip":0,"op":60,"st":0,"bm":0},{"ddd":0,"ind":10,"ty":4,"nm":"Line 2","sr":1,"ks":{"p":{"s":true,"x":{"a":1,"k":[{"i":{"x":[0.3],"y":[1]},"o":{"x":[0.167],"y":[0.167]},"t":10,"s":[-68]},{"t":29,"s":[4]}]},"y":{"a":0,"k":68}}},"ao":0,"shapes":[{"ty":"gr","it":[{"ty":"rc","d":1,"s":{"a":0,"k":[8,8]},"p":{"a":0,"k":[0,0]},"r":{"a":0,"k":0},"nm":"Box","hd":false},{"ty":"tr","p":{"a":0,"k":[4,4]},"a":{"a":0,"k":[4,4]},"s":{"a":1,"k":[{"i":{"x":[0.833,0.833],"y":[0.833,0.833]},"o":{"x":[0.167,0.167],"y":[0.167,0.167]},"t":40,"s":[100,100]},{"t":60,"s":[0,0]}]},"r":{"a":0,"k":0},"o":{"a":0,"k":100},"sk":{"a":0,"k":0},"sa":{"a":0,"k":0},"nm":"Transform"}],"nm":"Box","bm":0,"hd":false},{"ty":"rp","c":{"a":0,"k":5},"o":{"a":0,"k":0},"m":1,"tr":{"ty":"tr","p":{"a":0,"k":[16,0]},"a":{"a":0,"k":[0,0]},"s":{"a":0,"k":[100,100]},"r":{"a":0,"k":0},"so":{"a":0,"k":100},"eo":{"a":0,"k":100},"nm":"Transform"},"nm":"Repeater 1","hd":false},{"ty":"fl","c":{"a":0,"k":[1,1,1,1]},"o":{"a":0,"k":100},"r":1,"bm":0,"nm":"Fill 1","hd":false}],"ip":0,"op":60,"st":0,"bm":0}]}],"layers":[{"ddd":0,"ind":1,"ty":0,"nm":"B Demicircle (Lines)","refId":"comp_0","sr":1,"ks":{"r":{"a":0,"k":-90},"p":{"a":0,"k":[72,72,0]},"a":{"a":0,"k":[36,36,0]},"s":{"a":0,"k":[200,200,100]}},"ao":0,"hasMask":true,"masksProperties":[{"inv":false,"mode":"a","pt":{"a":0,"k":{"i":[[0,0],[0,0],[0,0],[0,0]],"o":[[0,0],[0,0],[0,0],[0,0]],"v":[[72,0],[0,0],[0,72],[72,72]],"c":true}},"o":{"a":0,"k":100},"x":{"a":0,"k":0},"nm":"Mask 1"}],"w":72,"h":72,"ip":330,"op":360,"st":330,"bm":0},{"ddd":0,"ind":2,"ty":0,"nm":"B Lines (Straight)","refId":"comp_1","sr":1,"ks":{"r":{"a":0,"k":-90},"p":{"a":0,"k":[72,72,0]},"a":{"a":0,"k":[36,36,0]},"s":{"a":0,"k":[200,200,100]}},"ao":0,"hasMask":true,"masksProperties":[{"inv":false,"mode":"a","pt":{"a":0,"k":{"i":[[0,0],[0,0],[0,0],[0,0]],"o":[[0,0],[0,0],[0,0],[0,0]],"v":[[72,0],[0,0],[0,72],[72,72]],"c":true}},"o":{"a":0,"k":100},"x":{"a":0,"k":0},"nm":"Mask 1"}],"w":72,"h":72,"ip":270,"op":330,"st":270,"bm":0},{"ddd":0,"ind":3,"ty":0,"nm":"Demicircle","refId":"comp_2","sr":1,"ks":{"p":{"a":0,"k":[72,72,0]},"a":{"a":0,"k":[36,36,0]},"s":{"a":0,"k":[200,200,100]}},"ao":0,"hasMask":true,"masksProperties":[{"inv":false,"mode":"a","pt":{"a":0,"k":{"i":[[0,0],[0,0],[0,0],[0,0]],"o":[[0,0],[0,0],[0,0],[0,0]],"v":[[72,0],[0,0],[0,72],[72,72]],"c":true}},"o":{"a":0,"k":100},"x":{"a":0,"k":0},"nm":"Mask 1"}],"w":72,"h":72,"ip":210,"op":270,"st":210,"bm":0},{"ddd":0,"ind":4,"ty":0,"nm":"B Lines (Diagonal)","refId":"comp_3","sr":1,"ks":{"p":{"a":0,"k":[72,72,0]},"a":{"a":0,"k":[36,36,0]},"s":{"a":0,"k":[200,200,100]}},"ao":0,"hasMask":true,"masksProperties":[{"inv":false,"mode":"a","pt":{"a":0,"k":{"i":[[0,0],[0,0],[0,0],[0,0]],"o":[[0,0],[0,0],[0,0],[0,0]],"v":[[72,0],[0,0],[0,72],[72,72]],"c":true}},"o":{"a":0,"k":100},"x":{"a":0,"k":0},"nm":"Mask 1"}],"w":72,"h":72,"ip":150,"op":210,"st":150,"bm":0},{"ddd":0,"ind":5,"ty":0,"nm":"B Checkerbox","refId":"comp_4","sr":1,"ks":{"p":{"a":0,"k":[72,72,0]},"a":{"a":0,"k":[36,36,0]},"s":{"a":0,"k":[200,200,100]}},"ao":0,"hasMask":true,"masksProperties":[{"inv":false,"mode":"a","pt":{"a":0,"k":{"i":[[0,0],[0,0],[0,0],[0,0]],"o":[[0,0],[0,0],[0,0],[0,0]],"v":[[72,0],[0,0],[0,72],[72,72]],"c":true}},"o":{"a":0,"k":100},"x":{"a":0,"k":0},"nm":"Mask 1"}],"w":72,"h":72,"ip":90,"op":150,"st":90,"bm":0},{"ddd":0,"ind":6,"ty":0,"nm":"Lines (Straight) 2","refId":"comp_1","sr":1,"ks":{"p":{"a":0,"k":[72,72,0]},"a":{"a":0,"k":[36,36,0]},"s":{"a":0,"k":[200,200,100]}},"ao":0,"hasMask":true,"masksProperties":[{"inv":false,"mode":"a","pt":{"a":0,"k":{"i":[[0,0],[0,0],[0,0],[0,0]],"o":[[0,0],[0,0],[0,0],[0,0]],"v":[[72,0],[0,0],[0,72],[72,72]],"c":true}},"o":{"a":0,"k":100},"x":{"a":0,"k":0},"nm":"Mask 1"}],"w":72,"h":72,"ip":30,"op":90,"st":30,"bm":0},{"ddd":0,"ind":7,"ty":0,"nm":"B Demicircle (Lines)","refId":"comp_0","sr":1,"ks":{"r":{"a":0,"k":-90},"p":{"a":0,"k":[72,72,0]},"a":{"a":0,"k":[36,36,0]},"s":{"a":0,"k":[200,200,100]}},"ao":0,"hasMask":true,"masksProperties":[{"inv":false,"mode":"a","pt":{"a":0,"k":{"i":[[0,0],[0,0],[0,0],[0,0]],"o":[[0,0],[0,0],[0,0],[0,0]],"v":[[72,0],[0,0],[0,72],[72,72]],"c":true}},"o":{"a":0,"k":100},"x":{"a":0,"k":0},"nm":"Mask 1"}],"w":72,"h":72,"ip":0,"op":30,"st":-30,"bm":0}],"markers":[]}