{"v":"5.6.7","fr":60,"ip":0,"op":394,"w":144,"h":144,"nm":"Step 4","ddd":0,"assets":[{"id":"comp_0","layers":[{"ddd":0,"ind":1,"ty":4,"nm":"Line 1","sr":1,"ks":{"p":{"s":true,"x":{"a":0,"k":36},"y":{"a":0,"k":36}}},"ao":0,"shapes":[{"d":1,"ty":"el","s":{"a":0,"k":[136,136]},"p":{"a":0,"k":[-36,36]},"nm":"Ellipse","hd":false},{"ty":"st","c":{"a":0,"k":[1,1,1,1]},"o":{"a":0,"k":100},"w":{"a":0,"k":8},"lc":1,"lj":1,"ml":4,"bm":0,"nm":"Stroke 1","hd":false},{"ty":"tm","s":{"a":1,"k":[{"i":{"x":[0.4],"y":[1]},"o":{"x":[0.6],"y":[0]},"t":30,"s":[0]},{"t":48,"s":[25]}]},"e":{"a":1,"k":[{"i":{"x":[0.4],"y":[1]},"o":{"x":[0.6],"y":[0]},"t":0,"s":[0]},{"t":20,"s":[25]}]},"o":{"a":0,"k":0},"m":1,"nm":"Trim Paths 1","hd":false},{"ty":"gr","it":[{"ty":"rc","d":1,"s":{"a":0,"k":[72,72]},"p":{"a":0,"k":[0,0]},"r":{"a":0,"k":0},"nm":"Rectangle Path 1","hd":false},{"ty":"fl","c":{"a":0,"k":[1,0,0,1]},"o":{"a":0,"k":100},"r":1,"bm":0,"nm":"Fill 1","hd":false},{"ty":"tr","p":{"a":0,"k":[0,0]},"a":{"a":0,"k":[0,0]},"s":{"a":0,"k":[100,100]},"r":{"a":0,"k":0},"o":{"a":0,"k":0},"sk":{"a":0,"k":0},"sa":{"a":0,"k":0},"nm":"Transform"}],"nm":"Mask","bm":0,"hd":false}],"ip":0,"op":60,"st":0,"bm":0},{"ddd":0,"ind":2,"ty":4,"nm":"Line 2","sr":1,"ks":{"p":{"s":true,"x":{"a":0,"k":36},"y":{"a":0,"k":36}}},"ao":0,"shapes":[{"d":1,"ty":"el","s":{"a":0,"k":[104,104]},"p":{"a":0,"k":[-36,36]},"nm":"Ellipse","hd":false},{"ty":"st","c":{"a":0,"k":[1,1,1,1]},"o":{"a":0,"k":100},"w":{"a":0,"k":8},"lc":1,"lj":1,"ml":4,"bm":0,"nm":"Stroke 1","hd":false},{"ty":"tm","s":{"a":1,"k":[{"i":{"x":[0.4],"y":[1]},"o":{"x":[0.6],"y":[0]},"t":33,"s":[0]},{"t":51,"s":[25]}]},"e":{"a":1,"k":[{"i":{"x":[0.4],"y":[1]},"o":{"x":[0.6],"y":[0]},"t":3,"s":[0]},{"t":23,"s":[25]}]},"o":{"a":0,"k":0},"m":1,"nm":"Trim Paths 1","hd":false},{"ty":"gr","it":[{"ty":"rc","d":1,"s":{"a":0,"k":[72,72]},"p":{"a":0,"k":[0,0]},"r":{"a":0,"k":0},"nm":"Rectangle Path 1","hd":false},{"ty":"fl","c":{"a":0,"k":[1,0,0,1]},"o":{"a":0,"k":100},"r":1,"bm":0,"nm":"Fill 1","hd":false},{"ty":"tr","p":{"a":0,"k":[0,0]},"a":{"a":0,"k":[0,0]},"s":{"a":0,"k":[100,100]},"r":{"a":0,"k":0},"o":{"a":0,"k":0},"sk":{"a":0,"k":0},"sa":{"a":0,"k":0},"nm":"Transform"}],"nm":"Mask","bm":0,"hd":false}],"ip":0,"op":60,"st":0,"bm":0},{"ddd":0,"ind":3,"ty":4,"nm":"Line 3","sr":1,"ks":{"p":{"s":true,"x":{"a":0,"k":36},"y":{"a":0,"k":36}}},"ao":0,"shapes":[{"d":1,"ty":"el","s":{"a":0,"k":[72,72]},"p":{"a":0,"k":[-36,36]},"nm":"Ellipse","hd":false},{"ty":"st","c":{"a":0,"k":[1,1,1,1]},"o":{"a":0,"k":100},"w":{"a":0,"k":8},"lc":1,"lj":1,"ml":4,"bm":0,"nm":"Stroke 1","hd":false},{"ty":"tm","s":{"a":1,"k":[{"i":{"x":[0.4],"y":[1]},"o":{"x":[0.6],"y":[0]},"t":36,"s":[0]},{"t":54,"s":[25]}]},"e":{"a":1,"k":[{"i":{"x":[0.4],"y":[1]},"o":{"x":[0.6],"y":[0]},"t":6,"s":[0]},{"t":26,"s":[25]}]},"o":{"a":0,"k":0},"m":1,"nm":"Trim Paths 1","hd":false},{"ty":"gr","it":[{"ty":"rc","d":1,"s":{"a":0,"k":[72,72]},"p":{"a":0,"k":[0,0]},"r":{"a":0,"k":0},"nm":"Rectangle Path 1","hd":false},{"ty":"fl","c":{"a":0,"k":[1,0,0,1]},"o":{"a":0,"k":100},"r":1,"bm":0,"nm":"Fill 1","hd":false},{"ty":"tr","p":{"a":0,"k":[0,0]},"a":{"a":0,"k":[0,0]},"s":{"a":0,"k":[100,100]},"r":{"a":0,"k":0},"o":{"a":0,"k":0},"sk":{"a":0,"k":0},"sa":{"a":0,"k":0},"nm":"Transform"}],"nm":"Mask","bm":0,"hd":false}],"ip":0,"op":60,"st":0,"bm":0},{"ddd":0,"ind":4,"ty":4,"nm":"Line 4","sr":1,"ks":{"p":{"s":true,"x":{"a":0,"k":36},"y":{"a":0,"k":36}}},"ao":0,"shapes":[{"d":1,"ty":"el","s":{"a":0,"k":[40,40]},"p":{"a":0,"k":[-36,36]},"nm":"Ellipse","hd":false},{"ty":"st","c":{"a":0,"k":[1,1,1,1]},"o":{"a":0,"k":100},"w":{"a":0,"k":8},"lc":1,"lj":1,"ml":4,"bm":0,"nm":"Stroke 1","hd":false},{"ty":"tm","s":{"a":1,"k":[{"i":{"x":[0.4],"y":[1]},"o":{"x":[0.6],"y":[0]},"t":39,"s":[0]},{"t":57,"s":[25]}]},"e":{"a":1,"k":[{"i":{"x":[0.4],"y":[1]},"o":{"x":[0.6],"y":[0]},"t":9,"s":[0]},{"t":29,"s":[25]}]},"o":{"a":0,"k":0},"m":1,"nm":"Trim Paths 1","hd":false},{"ty":"gr","it":[{"ty":"rc","d":1,"s":{"a":0,"k":[72,72]},"p":{"a":0,"k":[0,0]},"r":{"a":0,"k":0},"nm":"Rectangle Path 1","hd":false},{"ty":"fl","c":{"a":0,"k":[1,0,0,1]},"o":{"a":0,"k":100},"r":1,"bm":0,"nm":"Fill 1","hd":false},{"ty":"tr","p":{"a":0,"k":[0,0]},"a":{"a":0,"k":[0,0]},"s":{"a":0,"k":[100,100]},"r":{"a":0,"k":0},"o":{"a":0,"k":0},"sk":{"a":0,"k":0},"sa":{"a":0,"k":0},"nm":"Transform"}],"nm":"Mask","bm":0,"hd":false}],"ip":0,"op":60,"st":0,"bm":0},{"ddd":0,"ind":5,"ty":4,"nm":"Line 5","sr":1,"ks":{"p":{"s":true,"x":{"a":0,"k":36},"y":{"a":0,"k":36}}},"ao":0,"shapes":[{"d":1,"ty":"el","s":{"a":0,"k":[8,8]},"p":{"a":0,"k":[-36,36]},"nm":"Ellipse","hd":false},{"ty":"st","c":{"a":0,"k":[1,1,1,1]},"o":{"a":0,"k":100},"w":{"a":0,"k":8},"lc":1,"lj":1,"ml":4,"bm":0,"nm":"Stroke 1","hd":false},{"ty":"tm","s":{"a":1,"k":[{"i":{"x":[0.4],"y":[1]},"o":{"x":[0.6],"y":[0]},"t":42,"s":[0]},{"t":60,"s":[25]}]},"e":{"a":1,"k":[{"i":{"x":[0.4],"y":[1]},"o":{"x":[0.6],"y":[0]},"t":12,"s":[0]},{"t":32,"s":[25]}]},"o":{"a":0,"k":0},"m":1,"nm":"Trim Paths 1","hd":false},{"ty":"gr","it":[{"ty":"rc","d":1,"s":{"a":0,"k":[72,72]},"p":{"a":0,"k":[0,0]},"r":{"a":0,"k":0},"nm":"Rectangle Path 1","hd":false},{"ty":"fl","c":{"a":0,"k":[1,0,0,1]},"o":{"a":0,"k":100},"r":1,"bm":0,"nm":"Fill 1","hd":false},{"ty":"tr","p":{"a":0,"k":[0,0]},"a":{"a":0,"k":[0,0]},"s":{"a":0,"k":[100,100]},"r":{"a":0,"k":0},"o":{"a":0,"k":0},"sk":{"a":0,"k":0},"sa":{"a":0,"k":0},"nm":"Transform"}],"nm":"Mask","bm":0,"hd":false}],"ip":0,"op":60,"st":0,"bm":0}]},{"id":"comp_1","layers":[{"ddd":0,"ind":1,"ty":4,"nm":"Line 1","sr":1,"ks":{"p":{"s":true,"x":{"a":0,"k":36},"y":{"a":0,"k":36}}},"ao":0,"shapes":[{"d":1,"ty":"el","s":{"a":0,"k":[136,136]},"p":{"a":0,"k":[-36,36]},"nm":"Ellipse","hd":false},{"ty":"st","c":{"a":0,"k":[1,1,1,1]},"o":{"a":0,"k":100},"w":{"a":0,"k":16},"lc":1,"lj":1,"ml":4,"bm":0,"nm":"Stroke 1","hd":false},{"ty":"tm","s":{"a":1,"k":[{"i":{"x":[0.4],"y":[1]},"o":{"x":[0.6],"y":[0]},"t":30,"s":[0]},{"t":48,"s":[25]}]},"e":{"a":1,"k":[{"i":{"x":[0.4],"y":[1]},"o":{"x":[0.6],"y":[0]},"t":0,"s":[0]},{"t":20,"s":[25]}]},"o":{"a":0,"k":0},"m":1,"nm":"Trim Paths 1","hd":false},{"ty":"gr","it":[{"ty":"rc","d":1,"s":{"a":0,"k":[72,72]},"p":{"a":0,"k":[0,0]},"r":{"a":0,"k":0},"nm":"Rectangle Path 1","hd":false},{"ty":"fl","c":{"a":0,"k":[1,0,0,1]},"o":{"a":0,"k":100},"r":1,"bm":0,"nm":"Fill 1","hd":false},{"ty":"tr","p":{"a":0,"k":[0,0]},"a":{"a":0,"k":[0,0]},"s":{"a":0,"k":[100,100]},"r":{"a":0,"k":0},"o":{"a":0,"k":0},"sk":{"a":0,"k":0},"sa":{"a":0,"k":0},"nm":"Transform"}],"nm":"Mask","bm":0,"hd":false}],"ip":0,"op":60,"st":0,"bm":0},{"ddd":0,"ind":2,"ty":4,"nm":"Line 2","sr":1,"ks":{"p":{"s":true,"x":{"a":0,"k":36},"y":{"a":0,"k":36}}},"ao":0,"shapes":[{"d":1,"ty":"el","s":{"a":0,"k":[104,104]},"p":{"a":0,"k":[-36,36]},"nm":"Ellipse","hd":false},{"ty":"st","c":{"a":0,"k":[1,1,1,1]},"o":{"a":0,"k":100},"w":{"a":0,"k":16},"lc":1,"lj":1,"ml":4,"bm":0,"nm":"Stroke 1","hd":false},{"ty":"tm","s":{"a":1,"k":[{"i":{"x":[0.4],"y":[1]},"o":{"x":[0.6],"y":[0]},"t":33,"s":[0]},{"t":51,"s":[25]}]},"e":{"a":1,"k":[{"i":{"x":[0.4],"y":[1]},"o":{"x":[0.6],"y":[0]},"t":3,"s":[0]},{"t":23,"s":[25]}]},"o":{"a":0,"k":0},"m":1,"nm":"Trim Paths 1","hd":false},{"ty":"gr","it":[{"ty":"rc","d":1,"s":{"a":0,"k":[72,72]},"p":{"a":0,"k":[0,0]},"r":{"a":0,"k":0},"nm":"Rectangle Path 1","hd":false},{"ty":"fl","c":{"a":0,"k":[1,0,0,1]},"o":{"a":0,"k":100},"r":1,"bm":0,"nm":"Fill 1","hd":false},{"ty":"tr","p":{"a":0,"k":[0,0]},"a":{"a":0,"k":[0,0]},"s":{"a":0,"k":[100,100]},"r":{"a":0,"k":0},"o":{"a":0,"k":0},"sk":{"a":0,"k":0},"sa":{"a":0,"k":0},"nm":"Transform"}],"nm":"Mask","bm":0,"hd":false}],"ip":0,"op":60,"st":0,"bm":0},{"ddd":0,"ind":3,"ty":4,"nm":"Line 3","sr":1,"ks":{"p":{"s":true,"x":{"a":0,"k":36},"y":{"a":0,"k":36}}},"ao":0,"shapes":[{"d":1,"ty":"el","s":{"a":0,"k":[72,72]},"p":{"a":0,"k":[-36,36]},"nm":"Ellipse","hd":false},{"ty":"st","c":{"a":0,"k":[1,1,1,1]},"o":{"a":0,"k":100},"w":{"a":0,"k":16},"lc":1,"lj":1,"ml":4,"bm":0,"nm":"Stroke 1","hd":false},{"ty":"tm","s":{"a":1,"k":[{"i":{"x":[0.4],"y":[1]},"o":{"x":[0.6],"y":[0]},"t":36,"s":[0]},{"t":54,"s":[25]}]},"e":{"a":1,"k":[{"i":{"x":[0.4],"y":[1]},"o":{"x":[0.6],"y":[0]},"t":6,"s":[0]},{"t":26,"s":[25]}]},"o":{"a":0,"k":0},"m":1,"nm":"Trim Paths 1","hd":false},{"ty":"gr","it":[{"ty":"rc","d":1,"s":{"a":0,"k":[72,72]},"p":{"a":0,"k":[0,0]},"r":{"a":0,"k":0},"nm":"Rectangle Path 1","hd":false},{"ty":"fl","c":{"a":0,"k":[1,0,0,1]},"o":{"a":0,"k":100},"r":1,"bm":0,"nm":"Fill 1","hd":false},{"ty":"tr","p":{"a":0,"k":[0,0]},"a":{"a":0,"k":[0,0]},"s":{"a":0,"k":[100,100]},"r":{"a":0,"k":0},"o":{"a":0,"k":0},"sk":{"a":0,"k":0},"sa":{"a":0,"k":0},"nm":"Transform"}],"nm":"Mask","bm":0,"hd":false}],"ip":0,"op":60,"st":0,"bm":0},{"ddd":0,"ind":4,"ty":4,"nm":"Line 4","sr":1,"ks":{"p":{"s":true,"x":{"a":0,"k":36},"y":{"a":0,"k":36}}},"ao":0,"shapes":[{"d":1,"ty":"el","s":{"a":0,"k":[40,40]},"p":{"a":0,"k":[-36,36]},"nm":"Ellipse","hd":false},{"ty":"st","c":{"a":0,"k":[1,1,1,1]},"o":{"a":0,"k":100},"w":{"a":0,"k":16},"lc":1,"lj":1,"ml":4,"bm":0,"nm":"Stroke 1","hd":false},{"ty":"tm","s":{"a":1,"k":[{"i":{"x":[0.4],"y":[1]},"o":{"x":[0.6],"y":[0]},"t":39,"s":[0]},{"t":57,"s":[25]}]},"e":{"a":1,"k":[{"i":{"x":[0.4],"y":[1]},"o":{"x":[0.6],"y":[0]},"t":9,"s":[0]},{"t":29,"s":[25]}]},"o":{"a":0,"k":0},"m":1,"nm":"Trim Paths 1","hd":false},{"ty":"gr","it":[{"ty":"rc","d":1,"s":{"a":0,"k":[72,72]},"p":{"a":0,"k":[0,0]},"r":{"a":0,"k":0},"nm":"Rectangle Path 1","hd":false},{"ty":"fl","c":{"a":0,"k":[1,0,0,1]},"o":{"a":0,"k":100},"r":1,"bm":0,"nm":"Fill 1","hd":false},{"ty":"tr","p":{"a":0,"k":[0,0]},"a":{"a":0,"k":[0,0]},"s":{"a":0,"k":[100,100]},"r":{"a":0,"k":0},"o":{"a":0,"k":0},"sk":{"a":0,"k":0},"sa":{"a":0,"k":0},"nm":"Transform"}],"nm":"Mask","bm":0,"hd":false}],"ip":0,"op":60,"st":0,"bm":0},{"ddd":0,"ind":5,"ty":4,"nm":"Line 5","sr":1,"ks":{"p":{"s":true,"x":{"a":0,"k":36},"y":{"a":0,"k":36}}},"ao":0,"shapes":[{"d":1,"ty":"el","s":{"a":0,"k":[8,8]},"p":{"a":0,"k":[-36,36]},"nm":"Ellipse","hd":false},{"ty":"st","c":{"a":0,"k":[1,1,1,1]},"o":{"a":0,"k":100},"w":{"a":0,"k":16},"lc":1,"lj":1,"ml":4,"bm":0,"nm":"Stroke 1","hd":false},{"ty":"tm","s":{"a":1,"k":[{"i":{"x":[0.4],"y":[1]},"o":{"x":[0.6],"y":[0]},"t":42,"s":[0]},{"t":60,"s":[25]}]},"e":{"a":1,"k":[{"i":{"x":[0.4],"y":[1]},"o":{"x":[0.6],"y":[0]},"t":12,"s":[0]},{"t":32,"s":[25]}]},"o":{"a":0,"k":0},"m":1,"nm":"Trim Paths 1","hd":false},{"ty":"gr","it":[{"ty":"rc","d":1,"s":{"a":0,"k":[72,72]},"p":{"a":0,"k":[0,0]},"r":{"a":0,"k":0},"nm":"Rectangle Path 1","hd":false},{"ty":"fl","c":{"a":0,"k":[1,0,0,1]},"o":{"a":0,"k":100},"r":1,"bm":0,"nm":"Fill 1","hd":false},{"ty":"tr","p":{"a":0,"k":[0,0]},"a":{"a":0,"k":[0,0]},"s":{"a":0,"k":[100,100]},"r":{"a":0,"k":0},"o":{"a":0,"k":0},"sk":{"a":0,"k":0},"sa":{"a":0,"k":0},"nm":"Transform"}],"nm":"Mask","bm":0,"hd":false}],"ip":0,"op":60,"st":0,"bm":0},{"ddd":0,"ind":6,"ty":4,"nm":"Background","sr":1,"ks":{"p":{"a":0,"k":[36,36,0]}},"ao":0,"shapes":[{"ty":"gr","it":[{"ty":"rc","d":1,"s":{"a":0,"k":[72,72]},"p":{"a":0,"k":[0,0]},"r":{"a":0,"k":0},"nm":"Rectangle Path 1","hd":false},{"ty":"fl","c":{"a":0,"k":[0.250980392157,0.219607843137,1,1]},"o":{"a":0,"k":100},"r":1,"bm":0,"nm":"Fill 1","hd":false},{"ty":"tr","p":{"a":0,"k":[0,0]},"a":{"a":0,"k":[0,0]},"s":{"a":0,"k":[100,100]},"r":{"a":0,"k":0},"o":{"a":0,"k":100},"sk":{"a":0,"k":0},"sa":{"a":0,"k":0},"nm":"Transform"}],"nm":"Rectangle 1","bm":0,"hd":false}],"ip":0,"op":60,"st":0,"bm":0}]},{"id":"comp_2","layers":[{"ddd":0,"ind":1,"ty":4,"nm":"Demicircle","td":1,"sr":1,"ks":{"p":{"a":0,"k":[36,36,0]}},"ao":0,"shapes":[{"ty":"gr","it":[{"ind":0,"ty":"sh","ks":{"a":0,"k":{"i":[[39.764,0],[0,0],[0,0],[0,0],[0,0]],"o":[[0,0],[0,0],[0,0],[0,0],[0,39.764]],"v":[[-36,36],[-36,36],[-36,-36],[36,-36],[36,-36]],"c":true}},"nm":"Path 1","hd":false},{"ty":"tr","p":{"a":0,"k":[-36,-36]},"a":{"a":0,"k":[-36,-36]},"s":{"a":1,"k":[{"i":{"x":[0.4,0.4],"y":[1,1]},"o":{"x":[0.6,0.6],"y":[0,0]},"t":0,"s":[0,0]},{"t":20,"s":[100,100]}]},"r":{"a":0,"k":0},"o":{"a":0,"k":100},"sk":{"a":0,"k":0},"sa":{"a":0,"k":0},"nm":"Transform"}],"nm":"Demicircle","bm":0,"hd":false},{"ty":"fl","c":{"a":0,"k":[1,1,1,1]},"o":{"a":0,"k":100},"r":1,"bm":0,"nm":"Fill 1","hd":false}],"ip":0,"op":60,"st":0,"bm":0},{"ddd":0,"ind":2,"ty":4,"nm":"Mask","tt":1,"sr":1,"ks":{"r":{"a":1,"k":[{"i":{"x":[0.667],"y":[1]},"o":{"x":[0.6],"y":[0]},"t":30,"s":[0]},{"t":50,"s":[-90]}]},"a":{"a":0,"k":[-36,-36,0]}},"ao":0,"shapes":[{"ty":"gr","it":[{"ty":"rc","d":1,"s":{"a":0,"k":[72,72]},"p":{"a":0,"k":[0,0]},"r":{"a":0,"k":0},"nm":"Rectangle Path 1","hd":false},{"ty":"fl","c":{"a":0,"k":[1,1,1,1]},"o":{"a":0,"k":100},"r":1,"bm":0,"nm":"Fill 1","hd":false},{"ty":"tr","p":{"a":0,"k":[0,0]},"a":{"a":0,"k":[0,0]},"s":{"a":0,"k":[100,100]},"r":{"a":0,"k":0},"o":{"a":0,"k":100},"sk":{"a":0,"k":0},"sa":{"a":0,"k":0},"nm":"Transform"}],"nm":"Rectangle 1","bm":0,"hd":false}],"ip":0,"op":60,"st":0,"bm":0}]}],"layers":[{"ddd":0,"ind":1,"ty":0,"nm":"B Demicircle (Lines)","td":1,"refId":"comp_0","sr":1,"ks":{"r":{"a":0,"k":90},"p":{"a":0,"k":[108,108,0]},"a":{"a":0,"k":[36,36,0]}},"ao":0,"hasMask":true,"masksProperties":[{"inv":false,"mode":"a","pt":{"a":0,"k":{"i":[[0,0],[0,0],[0,0],[0,0]],"o":[[0,0],[0,0],[0,0],[0,0]],"v":[[72,0],[0,0],[0,72],[72,72]],"c":true}},"o":{"a":0,"k":100},"x":{"a":0,"k":0},"nm":"Mask 1"}],"ef":[{"ty":21,"nm":"Fill","np":9,"mn":"ADBE Fill","ix":1,"en":1,"ef":[{"ty":10,"nm":"Fill Mask","mn":"ADBE Fill-0001","ix":1,"v":{"a":0,"k":0}},{"ty":7,"nm":"All Masks","mn":"ADBE Fill-0007","ix":2,"v":{"a":0,"k":0}},{"ty":2,"nm":"Color","mn":"ADBE Fill-0002","ix":3,"v":{"a":0,"k":[0.258823543787,0.305882364511,0.341176480055,1]}},{"ty":7,"nm":"Invert","mn":"ADBE Fill-0006","ix":4,"v":{"a":0,"k":0}},{"ty":0,"nm":"Horizontal Feather","mn":"ADBE Fill-0003","ix":5,"v":{"a":0,"k":0}},{"ty":0,"nm":"Vertical Feather","mn":"ADBE Fill-0004","ix":6,"v":{"a":0,"k":0}},{"ty":0,"nm":"Opacity","mn":"ADBE Fill-0005","ix":7,"v":{"a":0,"k":1}}]}],"tm":{"a":1,"k":[{"i":{"x":[0.833],"y":[0.833]},"o":{"x":[0.167],"y":[0.167]},"t":215,"s":[0]},{"i":{"x":[0.833],"y":[0.833]},"o":{"x":[0.167],"y":[0.167]},"t":245,"s":[0.5]},{"i":{"x":[0.833],"y":[0.833]},"o":{"x":[0.167],"y":[0.167]},"t":365,"s":[0.5]},{"t":394,"s":[0.983]}]},"w":72,"h":72,"ip":215,"op":394,"st":215,"bm":0},{"ddd":0,"ind":2,"ty":0,"nm":"B Demicircle (Thick Lines)","tt":1,"refId":"comp_1","sr":1,"ks":{"r":{"a":0,"k":90},"p":{"a":0,"k":[108,108,0]},"a":{"a":0,"k":[36,36,0]}},"ao":0,"hasMask":true,"masksProperties":[{"inv":false,"mode":"a","pt":{"a":0,"k":{"i":[[0,0],[0,0],[0,0],[0,0]],"o":[[0,0],[0,0],[0,0],[0,0]],"v":[[72,0],[0,0],[0,72],[72,72]],"c":true}},"o":{"a":0,"k":100},"x":{"a":0,"k":0},"nm":"Mask 1"}],"tm":{"a":1,"k":[{"i":{"x":[0.833],"y":[0.833]},"o":{"x":[0.167],"y":[0.167]},"t":275,"s":[0.5]},{"t":304,"s":[0.983]}]},"w":72,"h":72,"ip":215,"op":394,"st":215,"bm":0},{"ddd":0,"ind":3,"ty":0,"nm":"Demicircle","refId":"comp_2","sr":1,"ks":{"r":{"a":0,"k":90},"p":{"a":0,"k":[108,108,0]},"a":{"a":0,"k":[36,36,0]},"s":{"a":0,"k":[100,-100,100]}},"ao":0,"hasMask":true,"masksProperties":[{"inv":false,"mode":"a","pt":{"a":0,"k":{"i":[[0,0],[0,0],[0,0],[0,0]],"o":[[0,0],[0,0],[0,0],[0,0]],"v":[[72,0],[0,0],[0,72],[72,72]],"c":true}},"o":{"a":0,"k":100},"x":{"a":0,"k":0},"nm":"Mask 1"}],"ef":[{"ty":21,"nm":"Fill","np":9,"mn":"ADBE Fill","ix":1,"en":1,"ef":[{"ty":10,"nm":"Fill Mask","mn":"ADBE Fill-0001","ix":1,"v":{"a":0,"k":0}},{"ty":7,"nm":"All Masks","mn":"ADBE Fill-0007","ix":2,"v":{"a":0,"k":0}},{"ty":2,"nm":"Color","mn":"ADBE Fill-0002","ix":3,"v":{"a":0,"k":[0.258823543787,0.305882364511,0.341176480055,1]}},{"ty":7,"nm":"Invert","mn":"ADBE Fill-0006","ix":4,"v":{"a":0,"k":0}},{"ty":0,"nm":"Horizontal Feather","mn":"ADBE Fill-0003","ix":5,"v":{"a":0,"k":0}},{"ty":0,"nm":"Vertical Feather","mn":"ADBE Fill-0004","ix":6,"v":{"a":0,"k":0}},{"ty":0,"nm":"Opacity","mn":"ADBE Fill-0005","ix":7,"v":{"a":0,"k":1}}]}],"w":72,"h":72,"ip":180,"op":240,"st":180,"bm":0},{"ddd":0,"ind":4,"ty":0,"nm":"B Demicircle (Lines)","td":1,"refId":"comp_0","sr":1,"ks":{"p":{"a":0,"k":[108,36,0]},"a":{"a":0,"k":[36,36,0]}},"ao":0,"hasMask":true,"masksProperties":[{"inv":false,"mode":"a","pt":{"a":0,"k":{"i":[[0,0],[0,0],[0,0],[0,0]],"o":[[0,0],[0,0],[0,0],[0,0]],"v":[[72,0],[0,0],[0,72],[72,72]],"c":true}},"o":{"a":0,"k":100},"x":{"a":0,"k":0},"nm":"Mask 1"}],"ef":[{"ty":21,"nm":"Fill","np":9,"mn":"ADBE Fill","ix":1,"en":1,"ef":[{"ty":10,"nm":"Fill Mask","mn":"ADBE Fill-0001","ix":1,"v":{"a":0,"k":0}},{"ty":7,"nm":"All Masks","mn":"ADBE Fill-0007","ix":2,"v":{"a":0,"k":0}},{"ty":2,"nm":"Color","mn":"ADBE Fill-0002","ix":3,"v":{"a":0,"k":[1,1,1,1]}},{"ty":7,"nm":"Invert","mn":"ADBE Fill-0006","ix":4,"v":{"a":0,"k":0}},{"ty":0,"nm":"Horizontal Feather","mn":"ADBE Fill-0003","ix":5,"v":{"a":0,"k":0}},{"ty":0,"nm":"Vertical Feather","mn":"ADBE Fill-0004","ix":6,"v":{"a":0,"k":0}},{"ty":0,"nm":"Opacity","mn":"ADBE Fill-0005","ix":7,"v":{"a":0,"k":1}}]}],"tm":{"a":1,"k":[{"i":{"x":[0.833],"y":[0.833]},"o":{"x":[0.167],"y":[0.167]},"t":155,"s":[0]},{"i":{"x":[0.833],"y":[0.833]},"o":{"x":[0.167],"y":[0.167]},"t":185,"s":[0.5]},{"i":{"x":[0.833],"y":[0.833]},"o":{"x":[0.167],"y":[0.167]},"t":335,"s":[0.5]},{"t":364,"s":[0.983]}]},"w":72,"h":72,"ip":155,"op":366,"st":133,"bm":0},{"ddd":0,"ind":5,"ty":0,"nm":"B Demicircle (Thick Lines)","tt":1,"refId":"comp_1","sr":1,"ks":{"p":{"a":0,"k":[108,36,0]},"a":{"a":0,"k":[36,36,0]}},"ao":0,"hasMask":true,"masksProperties":[{"inv":false,"mode":"a","pt":{"a":0,"k":{"i":[[0,0],[0,0],[0,0],[0,0]],"o":[[0,0],[0,0],[0,0],[0,0]],"v":[[72,0],[0,0],[0,72],[72,72]],"c":true}},"o":{"a":0,"k":100},"x":{"a":0,"k":0},"nm":"Mask 1"}],"tm":{"a":1,"k":[{"i":{"x":[0.833],"y":[0.833]},"o":{"x":[0.167],"y":[0.167]},"t":215,"s":[0.5]},{"t":244,"s":[0.983]}]},"w":72,"h":72,"ip":155,"op":366,"st":155,"bm":0},{"ddd":0,"ind":6,"ty":0,"nm":"Demicircle","refId":"comp_2","sr":1,"ks":{"p":{"a":0,"k":[108,36,0]},"a":{"a":0,"k":[36,36,0]},"s":{"a":0,"k":[100,-100,100]}},"ao":0,"hasMask":true,"masksProperties":[{"inv":false,"mode":"a","pt":{"a":0,"k":{"i":[[0,0],[0,0],[0,0],[0,0]],"o":[[0,0],[0,0],[0,0],[0,0]],"v":[[72,0],[0,0],[0,72],[72,72]],"c":true}},"o":{"a":0,"k":100},"x":{"a":0,"k":0},"nm":"Mask 1"}],"ef":[{"ty":21,"nm":"Fill","np":9,"mn":"ADBE Fill","ix":1,"en":1,"ef":[{"ty":10,"nm":"Fill Mask","mn":"ADBE Fill-0001","ix":1,"v":{"a":0,"k":0}},{"ty":7,"nm":"All Masks","mn":"ADBE Fill-0007","ix":2,"v":{"a":0,"k":0}},{"ty":2,"nm":"Color","mn":"ADBE Fill-0002","ix":3,"v":{"a":0,"k":[0.258823543787,0.305882364511,0.341176480055,1]}},{"ty":7,"nm":"Invert","mn":"ADBE Fill-0006","ix":4,"v":{"a":0,"k":0}},{"ty":0,"nm":"Horizontal Feather","mn":"ADBE Fill-0003","ix":5,"v":{"a":0,"k":0}},{"ty":0,"nm":"Vertical Feather","mn":"ADBE Fill-0004","ix":6,"v":{"a":0,"k":0}},{"ty":0,"nm":"Opacity","mn":"ADBE Fill-0005","ix":7,"v":{"a":0,"k":1}}]}],"w":72,"h":72,"ip":120,"op":180,"st":120,"bm":0},{"ddd":0,"ind":7,"ty":0,"nm":"B Demicircle (Lines)","td":1,"refId":"comp_0","sr":1,"ks":{"r":{"a":0,"k":-90},"p":{"a":0,"k":[36,36,0]},"a":{"a":0,"k":[36,36,0]}},"ao":0,"hasMask":true,"masksProperties":[{"inv":false,"mode":"a","pt":{"a":0,"k":{"i":[[0,0],[0,0],[0,0],[0,0]],"o":[[0,0],[0,0],[0,0],[0,0]],"v":[[72,0],[0,0],[0,72],[72,72]],"c":true}},"o":{"a":0,"k":100},"x":{"a":0,"k":0},"nm":"Mask 1"}],"ef":[{"ty":21,"nm":"Fill","np":9,"mn":"ADBE Fill","ix":1,"en":1,"ef":[{"ty":10,"nm":"Fill Mask","mn":"ADBE Fill-0001","ix":1,"v":{"a":0,"k":0}},{"ty":7,"nm":"All Masks","mn":"ADBE Fill-0007","ix":2,"v":{"a":0,"k":0}},{"ty":2,"nm":"Color","mn":"ADBE Fill-0002","ix":3,"v":{"a":0,"k":[1,1,1,1]}},{"ty":7,"nm":"Invert","mn":"ADBE Fill-0006","ix":4,"v":{"a":0,"k":0}},{"ty":0,"nm":"Horizontal Feather","mn":"ADBE Fill-0003","ix":5,"v":{"a":0,"k":0}},{"ty":0,"nm":"Vertical Feather","mn":"ADBE Fill-0004","ix":6,"v":{"a":0,"k":0}},{"ty":0,"nm":"Opacity","mn":"ADBE Fill-0005","ix":7,"v":{"a":0,"k":1}}]}],"tm":{"a":1,"k":[{"i":{"x":[0.833],"y":[0.833]},"o":{"x":[0.167],"y":[0.167]},"t":95,"s":[0]},{"i":{"x":[0.833],"y":[0.833]},"o":{"x":[0.167],"y":[0.167]},"t":125,"s":[0.5]},{"i":{"x":[0.833],"y":[0.833]},"o":{"x":[0.167],"y":[0.167]},"t":305,"s":[0.5]},{"t":334,"s":[0.983]}]},"w":72,"h":72,"ip":95,"op":336,"st":95,"bm":0},{"ddd":0,"ind":8,"ty":0,"nm":"B Demicircle (Thick Lines)","tt":1,"refId":"comp_1","sr":1,"ks":{"r":{"a":0,"k":-90},"p":{"a":0,"k":[36,36,0]},"a":{"a":0,"k":[36,36,0]}},"ao":0,"hasMask":true,"masksProperties":[{"inv":false,"mode":"a","pt":{"a":0,"k":{"i":[[0,0],[0,0],[0,0],[0,0]],"o":[[0,0],[0,0],[0,0],[0,0]],"v":[[72,0],[0,0],[0,72],[72,72]],"c":true}},"o":{"a":0,"k":100},"x":{"a":0,"k":0},"nm":"Mask 1"}],"tm":{"a":1,"k":[{"i":{"x":[0.833],"y":[0.833]},"o":{"x":[0.167],"y":[0.167]},"t":155,"s":[0.5]},{"t":184,"s":[0.983]}]},"w":72,"h":72,"ip":95,"op":336,"st":95,"bm":0},{"ddd":0,"ind":9,"ty":0,"nm":"Demicircle","refId":"comp_2","sr":1,"ks":{"r":{"a":0,"k":90},"p":{"a":0,"k":[36,36,0]},"a":{"a":0,"k":[36,36,0]},"s":{"a":0,"k":[-100,100,100]}},"ao":0,"hasMask":true,"masksProperties":[{"inv":false,"mode":"a","pt":{"a":0,"k":{"i":[[0,0],[0,0],[0,0],[0,0]],"o":[[0,0],[0,0],[0,0],[0,0]],"v":[[72,0],[0,0],[0,72],[72,72]],"c":true}},"o":{"a":0,"k":100},"x":{"a":0,"k":0},"nm":"Mask 1"}],"ef":[{"ty":21,"nm":"Fill","np":9,"mn":"ADBE Fill","ix":1,"en":1,"ef":[{"ty":10,"nm":"Fill Mask","mn":"ADBE Fill-0001","ix":1,"v":{"a":0,"k":0}},{"ty":7,"nm":"All Masks","mn":"ADBE Fill-0007","ix":2,"v":{"a":0,"k":0}},{"ty":2,"nm":"Color","mn":"ADBE Fill-0002","ix":3,"v":{"a":0,"k":[0.258823543787,0.305882364511,0.341176480055,1]}},{"ty":7,"nm":"Invert","mn":"ADBE Fill-0006","ix":4,"v":{"a":0,"k":0}},{"ty":0,"nm":"Horizontal Feather","mn":"ADBE Fill-0003","ix":5,"v":{"a":0,"k":0}},{"ty":0,"nm":"Vertical Feather","mn":"ADBE Fill-0004","ix":6,"v":{"a":0,"k":0}},{"ty":0,"nm":"Opacity","mn":"ADBE Fill-0005","ix":7,"v":{"a":0,"k":1}}]}],"w":72,"h":72,"ip":60,"op":120,"st":60,"bm":0},{"ddd":0,"ind":10,"ty":0,"nm":"Demicircle","refId":"comp_2","sr":1,"ks":{"p":{"a":0,"k":[36,108,0]},"a":{"a":0,"k":[36,36,0]},"s":{"a":0,"k":[-100,100,100]}},"ao":0,"hasMask":true,"masksProperties":[{"inv":false,"mode":"a","pt":{"a":0,"k":{"i":[[0,0],[0,0],[0,0],[0,0]],"o":[[0,0],[0,0],[0,0],[0,0]],"v":[[72,0],[0,0],[0,72],[72,72]],"c":true}},"o":{"a":0,"k":100},"x":{"a":0,"k":0},"nm":"Mask 1"}],"ef":[{"ty":21,"nm":"Fill","np":9,"mn":"ADBE Fill","ix":1,"en":1,"ef":[{"ty":10,"nm":"Fill Mask","mn":"ADBE Fill-0001","ix":1,"v":{"a":0,"k":0}},{"ty":7,"nm":"All Masks","mn":"ADBE Fill-0007","ix":2,"v":{"a":0,"k":0}},{"ty":2,"nm":"Color","mn":"ADBE Fill-0002","ix":3,"v":{"a":0,"k":[0.258823543787,0.305882364511,0.341176480055,1]}},{"ty":7,"nm":"Invert","mn":"ADBE Fill-0006","ix":4,"v":{"a":0,"k":0}},{"ty":0,"nm":"Horizontal Feather","mn":"ADBE Fill-0003","ix":5,"v":{"a":0,"k":0}},{"ty":0,"nm":"Vertical Feather","mn":"ADBE Fill-0004","ix":6,"v":{"a":0,"k":0}},{"ty":0,"nm":"Opacity","mn":"ADBE Fill-0005","ix":7,"v":{"a":0,"k":1}}]}],"w":72,"h":72,"ip":0,"op":60,"st":0,"bm":0},{"ddd":0,"ind":11,"ty":0,"nm":"B Demicircle (Lines)","td":1,"refId":"comp_0","sr":1,"ks":{"r":{"a":0,"k":180},"p":{"a":0,"k":[36,108,0]},"a":{"a":0,"k":[36,36,0]}},"ao":0,"hasMask":true,"masksProperties":[{"inv":false,"mode":"a","pt":{"a":0,"k":{"i":[[0,0],[0,0],[0,0],[0,0]],"o":[[0,0],[0,0],[0,0],[0,0]],"v":[[72,0],[0,0],[0,72],[72,72]],"c":true}},"o":{"a":0,"k":100},"x":{"a":0,"k":0},"nm":"Mask 1"}],"ef":[{"ty":21,"nm":"Fill","np":9,"mn":"ADBE Fill","ix":1,"en":1,"ef":[{"ty":10,"nm":"Fill Mask","mn":"ADBE Fill-0001","ix":1,"v":{"a":0,"k":0}},{"ty":7,"nm":"All Masks","mn":"ADBE Fill-0007","ix":2,"v":{"a":0,"k":0}},{"ty":2,"nm":"Color","mn":"ADBE Fill-0002","ix":3,"v":{"a":0,"k":[1,1,1,1]}},{"ty":7,"nm":"Invert","mn":"ADBE Fill-0006","ix":4,"v":{"a":0,"k":0}},{"ty":0,"nm":"Horizontal Feather","mn":"ADBE Fill-0003","ix":5,"v":{"a":0,"k":0}},{"ty":0,"nm":"Vertical Feather","mn":"ADBE Fill-0004","ix":6,"v":{"a":0,"k":0}},{"ty":0,"nm":"Opacity","mn":"ADBE Fill-0005","ix":7,"v":{"a":0,"k":1}}]}],"tm":{"a":1,"k":[{"i":{"x":[0.833],"y":[0.833]},"o":{"x":[0.167],"y":[0.167]},"t":35,"s":[0]},{"i":{"x":[0.833],"y":[0.833]},"o":{"x":[0.167],"y":[0.167]},"t":65,"s":[0.5]},{"i":{"x":[0.833],"y":[0.833]},"o":{"x":[0.167],"y":[0.167]},"t":275,"s":[0.5]},{"t":304,"s":[0.983]}]},"w":72,"h":72,"ip":35,"op":306,"st":35,"bm":0},{"ddd":0,"ind":12,"ty":0,"nm":"B Demicircle (Thick Lines)","tt":1,"refId":"comp_1","sr":1,"ks":{"r":{"a":0,"k":180},"p":{"a":0,"k":[36,108,0]},"a":{"a":0,"k":[36,36,0]}},"ao":0,"hasMask":true,"masksProperties":[{"inv":false,"mode":"a","pt":{"a":0,"k":{"i":[[0,0],[0,0],[0,0],[0,0]],"o":[[0,0],[0,0],[0,0],[0,0]],"v":[[72,0],[0,0],[0,72],[72,72]],"c":true}},"o":{"a":0,"k":100},"x":{"a":0,"k":0},"nm":"Mask 1"}],"tm":{"a":1,"k":[{"i":{"x":[0.833],"y":[0.833]},"o":{"x":[0.167],"y":[0.167]},"t":95,"s":[0.5]},{"t":124,"s":[0.983]}]},"w":72,"h":72,"ip":35,"op":306,"st":35,"bm":0}],"markers":[]}