{"v":"5.6.7","fr":60,"ip":0,"op":60,"w":24,"h":24,"nm":"Loader S","ddd":0,"assets":[],"layers":[{"ddd":0,"ind":1,"ty":4,"nm":"Loader","sr":1,"ks":{"r":{"a":1,"k":[{"i":{"x":[0.833],"y":[0.833]},"o":{"x":[0.167],"y":[0.167]},"t":0,"s":[0]},{"t":59,"s":[360]}]},"p":{"a":0,"k":[12,12,0]},"s":{"a":0,"k":[50,50,100]}},"ao":0,"shapes":[{"ty":"gr","it":[{"d":1,"ty":"el","s":{"a":0,"k":[36,36]},"p":{"a":0,"k":[0,0]},"nm":"Ellipse Path 1","hd":false},{"ty":"st","c":{"a":0,"k":[0.250980407,0.219607844949,1,1]},"o":{"a":0,"k":100},"w":{"a":0,"k":4},"lc":1,"lj":1,"ml":4,"bm":0,"nm":"Stroke 1","hd":false},{"ty":"tm","s":{"a":0,"k":0},"e":{"a":0,"k":65},"o":{"a":0,"k":0},"m":1,"nm":"Trim Paths 1","hd":false},{"ty":"tr","p":{"a":0,"k":[0,0]},"a":{"a":0,"k":[0,0]},"s":{"a":0,"k":[100,100]},"r":{"a":0,"k":0},"o":{"a":0,"k":100},"sk":{"a":0,"k":0},"sa":{"a":0,"k":0},"nm":"Transform"}],"nm":"Blue","bm":0,"hd":false},{"ty":"gr","it":[{"d":1,"ty":"el","s":{"a":0,"k":[36,36]},"p":{"a":0,"k":[0,0]},"nm":"Ellipse Path 1","hd":false},{"ty":"st","c":{"a":0,"k":[0.709803921569,0.756862745098,0.788235294118,1]},"o":{"a":0,"k":100},"w":{"a":0,"k":4},"lc":1,"lj":1,"ml":4,"bm":0,"nm":"Stroke 1","hd":false},{"ty":"tm","s":{"a":0,"k":65},"e":{"a":0,"k":100},"o":{"a":0,"k":0},"m":1,"nm":"Trim Paths 1","hd":false},{"ty":"tr","p":{"a":0,"k":[0,0]},"a":{"a":0,"k":[0,0]},"s":{"a":0,"k":[100,100]},"r":{"a":0,"k":0},"o":{"a":0,"k":100},"sk":{"a":0,"k":0},"sa":{"a":0,"k":0},"nm":"Transform"}],"nm":"Gray","bm":0,"hd":false}],"ip":0,"op":60,"st":0,"bm":0}],"markers":[]}