{"v":"5.6.7","fr":60,"ip":0,"op":210,"w":288,"h":216,"nm":"Step 2","ddd":0,"assets":[{"id":"comp_0","layers":[{"ddd":0,"ind":1,"ty":4,"nm":"Line 1","sr":1,"ks":{"p":{"s":true,"x":{"a":0,"k":36},"y":{"a":0,"k":4}}},"ao":0,"shapes":[{"ind":0,"ty":"sh","ks":{"a":0,"k":{"i":[[0,0],[0,0]],"o":[[0,0],[0,0]],"v":[[-36,0],[36,0]],"c":false}},"nm":"Line","hd":false},{"ty":"st","c":{"a":0,"k":[1,1,1,1]},"o":{"a":0,"k":100},"w":{"a":0,"k":8},"lc":1,"lj":1,"ml":4,"bm":0,"nm":"Stroke 1","hd":false},{"ty":"tm","s":{"a":1,"k":[{"i":{"x":[0.833],"y":[0.833]},"o":{"x":[0.7],"y":[0]},"t":30,"s":[0]},{"t":48,"s":[100]}]},"e":{"a":1,"k":[{"i":{"x":[0.3],"y":[1]},"o":{"x":[0.167],"y":[0.167]},"t":0,"s":[0]},{"t":18,"s":[100]}]},"o":{"a":0,"k":0},"m":1,"nm":"Trim Paths 1","hd":false},{"ty":"gr","it":[{"ty":"rc","d":1,"s":{"a":0,"k":[72,72]},"p":{"a":0,"k":[0,32]},"r":{"a":0,"k":0},"nm":"Rectangle Path 1","hd":false},{"ty":"fl","c":{"a":0,"k":[1,0,0,1]},"o":{"a":0,"k":100},"r":1,"bm":0,"nm":"Fill 1","hd":false},{"ty":"tr","p":{"a":0,"k":[0,0]},"a":{"a":0,"k":[0,0]},"s":{"a":0,"k":[100,100]},"r":{"a":0,"k":0},"o":{"a":0,"k":0},"sk":{"a":0,"k":0},"sa":{"a":0,"k":0},"nm":"Transform"}],"nm":"Mask","bm":0,"hd":false}],"ip":0,"op":60,"st":0,"bm":0},{"ddd":0,"ind":2,"ty":4,"nm":"Line 2","sr":1,"ks":{"p":{"s":true,"x":{"a":0,"k":36},"y":{"a":0,"k":20}}},"ao":0,"shapes":[{"ind":0,"ty":"sh","ks":{"a":0,"k":{"i":[[0,0],[0,0]],"o":[[0,0],[0,0]],"v":[[-36,0],[36,0]],"c":false}},"nm":"Line","hd":false},{"ty":"st","c":{"a":0,"k":[1,1,1,1]},"o":{"a":0,"k":100},"w":{"a":0,"k":8},"lc":1,"lj":1,"ml":4,"bm":0,"nm":"Stroke 1","hd":false},{"ty":"tm","s":{"a":1,"k":[{"i":{"x":[0.833],"y":[0.833]},"o":{"x":[0.7],"y":[0]},"t":33,"s":[0]},{"t":51,"s":[100]}]},"e":{"a":1,"k":[{"i":{"x":[0.3],"y":[1]},"o":{"x":[0.167],"y":[0.167]},"t":3,"s":[0]},{"t":21,"s":[100]}]},"o":{"a":0,"k":0},"m":1,"nm":"Trim Paths 1","hd":false},{"ty":"gr","it":[{"ty":"rc","d":1,"s":{"a":0,"k":[72,72]},"p":{"a":0,"k":[0,16]},"r":{"a":0,"k":0},"nm":"Rectangle Path 1","hd":false},{"ty":"fl","c":{"a":0,"k":[1,0,0,1]},"o":{"a":0,"k":100},"r":1,"bm":0,"nm":"Fill 1","hd":false},{"ty":"tr","p":{"a":0,"k":[0,0]},"a":{"a":0,"k":[0,0]},"s":{"a":0,"k":[100,100]},"r":{"a":0,"k":0},"o":{"a":0,"k":0},"sk":{"a":0,"k":0},"sa":{"a":0,"k":0},"nm":"Transform"}],"nm":"Mask","bm":0,"hd":false}],"ip":0,"op":60,"st":0,"bm":0},{"ddd":0,"ind":3,"ty":4,"nm":"Line 3","sr":1,"ks":{"p":{"s":true,"x":{"a":0,"k":36},"y":{"a":0,"k":36}}},"ao":0,"shapes":[{"ind":0,"ty":"sh","ks":{"a":0,"k":{"i":[[0,0],[0,0]],"o":[[0,0],[0,0]],"v":[[-36,0],[36,0]],"c":false}},"nm":"Line","hd":false},{"ty":"st","c":{"a":0,"k":[1,1,1,1]},"o":{"a":0,"k":100},"w":{"a":0,"k":8},"lc":1,"lj":1,"ml":4,"bm":0,"nm":"Stroke 1","hd":false},{"ty":"tm","s":{"a":1,"k":[{"i":{"x":[0.833],"y":[0.833]},"o":{"x":[0.7],"y":[0]},"t":36,"s":[0]},{"t":54,"s":[100]}]},"e":{"a":1,"k":[{"i":{"x":[0.3],"y":[1]},"o":{"x":[0.167],"y":[0.167]},"t":6,"s":[0]},{"t":24,"s":[100]}]},"o":{"a":0,"k":0},"m":1,"nm":"Trim Paths 1","hd":false},{"ty":"gr","it":[{"ty":"rc","d":1,"s":{"a":0,"k":[72,72]},"p":{"a":0,"k":[0,0]},"r":{"a":0,"k":0},"nm":"Rectangle Path 1","hd":false},{"ty":"fl","c":{"a":0,"k":[1,0,0,1]},"o":{"a":0,"k":100},"r":1,"bm":0,"nm":"Fill 1","hd":false},{"ty":"tr","p":{"a":0,"k":[0,0]},"a":{"a":0,"k":[0,0]},"s":{"a":0,"k":[100,100]},"r":{"a":0,"k":0},"o":{"a":0,"k":0},"sk":{"a":0,"k":0},"sa":{"a":0,"k":0},"nm":"Transform"}],"nm":"Mask","bm":0,"hd":false}],"ip":0,"op":60,"st":0,"bm":0},{"ddd":0,"ind":4,"ty":4,"nm":"Line 4","sr":1,"ks":{"p":{"s":true,"x":{"a":0,"k":36},"y":{"a":0,"k":52}}},"ao":0,"shapes":[{"ind":0,"ty":"sh","ks":{"a":0,"k":{"i":[[0,0],[0,0]],"o":[[0,0],[0,0]],"v":[[-36,0],[36,0]],"c":false}},"nm":"Line","hd":false},{"ty":"st","c":{"a":0,"k":[1,1,1,1]},"o":{"a":0,"k":100},"w":{"a":0,"k":8},"lc":1,"lj":1,"ml":4,"bm":0,"nm":"Stroke 1","hd":false},{"ty":"tm","s":{"a":1,"k":[{"i":{"x":[0.833],"y":[0.833]},"o":{"x":[0.7],"y":[0]},"t":39,"s":[0]},{"t":57,"s":[100]}]},"e":{"a":1,"k":[{"i":{"x":[0.3],"y":[1]},"o":{"x":[0.167],"y":[0.167]},"t":9,"s":[0]},{"t":27,"s":[100]}]},"o":{"a":0,"k":0},"m":1,"nm":"Trim Paths 1","hd":false},{"ty":"gr","it":[{"ty":"rc","d":1,"s":{"a":0,"k":[72,72]},"p":{"a":0,"k":[0,-16]},"r":{"a":0,"k":0},"nm":"Rectangle Path 1","hd":false},{"ty":"fl","c":{"a":0,"k":[1,0,0,1]},"o":{"a":0,"k":100},"r":1,"bm":0,"nm":"Fill 1","hd":false},{"ty":"tr","p":{"a":0,"k":[0,0]},"a":{"a":0,"k":[0,0]},"s":{"a":0,"k":[100,100]},"r":{"a":0,"k":0},"o":{"a":0,"k":0},"sk":{"a":0,"k":0},"sa":{"a":0,"k":0},"nm":"Transform"}],"nm":"Mask","bm":0,"hd":false}],"ip":0,"op":60,"st":0,"bm":0},{"ddd":0,"ind":5,"ty":4,"nm":"Line 5","sr":1,"ks":{"p":{"s":true,"x":{"a":0,"k":36},"y":{"a":0,"k":68}}},"ao":0,"shapes":[{"ind":0,"ty":"sh","ks":{"a":0,"k":{"i":[[0,0],[0,0]],"o":[[0,0],[0,0]],"v":[[-36,0],[36,0]],"c":false}},"nm":"Line","hd":false},{"ty":"st","c":{"a":0,"k":[1,1,1,1]},"o":{"a":0,"k":100},"w":{"a":0,"k":8},"lc":1,"lj":1,"ml":4,"bm":0,"nm":"Stroke 1","hd":false},{"ty":"tm","s":{"a":1,"k":[{"i":{"x":[0.833],"y":[0.833]},"o":{"x":[0.7],"y":[0]},"t":42,"s":[0]},{"t":60,"s":[100]}]},"e":{"a":1,"k":[{"i":{"x":[0.3],"y":[1]},"o":{"x":[0.167],"y":[0.167]},"t":12,"s":[0]},{"t":30,"s":[100]}]},"o":{"a":0,"k":0},"m":1,"nm":"Trim Paths 1","hd":false},{"ty":"gr","it":[{"ty":"rc","d":1,"s":{"a":0,"k":[72,72]},"p":{"a":0,"k":[0,-32]},"r":{"a":0,"k":0},"nm":"Rectangle Path 1","hd":false},{"ty":"fl","c":{"a":0,"k":[1,0,0,1]},"o":{"a":0,"k":100},"r":1,"bm":0,"nm":"Fill 1","hd":false},{"ty":"tr","p":{"a":0,"k":[0,0]},"a":{"a":0,"k":[0,0]},"s":{"a":0,"k":[100,100]},"r":{"a":0,"k":0},"o":{"a":0,"k":0},"sk":{"a":0,"k":0},"sa":{"a":0,"k":0},"nm":"Transform"}],"nm":"Mask","bm":0,"hd":false}],"ip":0,"op":60,"st":0,"bm":0}]},{"id":"comp_1","layers":[{"ddd":0,"ind":1,"ty":4,"nm":"Line 3","sr":1,"ks":{"p":{"a":0,"k":[36,36,0]}},"ao":0,"shapes":[{"ind":0,"ty":"sh","ks":{"a":0,"k":{"i":[[0,0],[0,0]],"o":[[0,0],[0,0]],"v":[[38.891,-28.991],[28.991,-38.891]],"c":false}},"nm":"Path 1","hd":false},{"ty":"tm","s":{"a":1,"k":[{"i":{"x":[0.4],"y":[1]},"o":{"x":[0.6],"y":[0]},"t":12,"s":[100]},{"t":34,"s":[0]}]},"e":{"a":1,"k":[{"i":{"x":[0.4],"y":[1]},"o":{"x":[0.6],"y":[0]},"t":42,"s":[100]},{"t":60,"s":[0]}]},"o":{"a":0,"k":0},"m":1,"nm":"Trim Paths 1","hd":false},{"ty":"st","c":{"a":0,"k":[1,1,1,1]},"o":{"a":0,"k":100},"w":{"a":0,"k":8},"lc":1,"lj":1,"ml":4,"bm":0,"nm":"Stroke","hd":false}],"ip":0,"op":60,"st":0,"bm":0},{"ddd":0,"ind":2,"ty":4,"nm":"Line 2","sr":1,"ks":{"p":{"a":0,"k":[36,36,0]}},"ao":0,"shapes":[{"ind":0,"ty":"sh","ks":{"a":0,"k":{"i":[[0,0],[0,0]],"o":[[0,0],[0,0]],"v":[[38.891,-6.364],[6.364,-38.891]],"c":false}},"nm":"Path 1","hd":false},{"ty":"tm","s":{"a":1,"k":[{"i":{"x":[0.4],"y":[1]},"o":{"x":[0.6],"y":[0]},"t":8,"s":[100]},{"t":30,"s":[0]}]},"e":{"a":1,"k":[{"i":{"x":[0.4],"y":[1]},"o":{"x":[0.6],"y":[0]},"t":38,"s":[100]},{"t":56,"s":[0]}]},"o":{"a":0,"k":0},"m":1,"nm":"Trim Paths 1","hd":false},{"ty":"st","c":{"a":0,"k":[1,1,1,1]},"o":{"a":0,"k":100},"w":{"a":0,"k":8},"lc":1,"lj":1,"ml":4,"bm":0,"nm":"Stroke","hd":false}],"ip":0,"op":60,"st":0,"bm":0},{"ddd":0,"ind":3,"ty":4,"nm":"Line 1","sr":1,"ks":{"p":{"a":0,"k":[36,36,0]}},"ao":0,"shapes":[{"ind":0,"ty":"sh","ks":{"a":0,"k":{"i":[[0,0],[0,0]],"o":[[0,0],[0,0]],"v":[[38.891,16.264],[-16.264,-38.891]],"c":false}},"nm":"Path 1","hd":false},{"ty":"tm","s":{"a":1,"k":[{"i":{"x":[0.4],"y":[1]},"o":{"x":[0.6],"y":[0]},"t":4,"s":[100]},{"t":26,"s":[0]}]},"e":{"a":1,"k":[{"i":{"x":[0.4],"y":[1]},"o":{"x":[0.6],"y":[0]},"t":34,"s":[100]},{"t":52,"s":[0]}]},"o":{"a":0,"k":0},"m":1,"nm":"Trim Paths 1","hd":false},{"ty":"st","c":{"a":0,"k":[1,1,1,1]},"o":{"a":0,"k":100},"w":{"a":0,"k":8},"lc":1,"lj":1,"ml":4,"bm":0,"nm":"Stroke","hd":false}],"ip":0,"op":60,"st":0,"bm":0},{"ddd":0,"ind":4,"ty":4,"nm":"Line 0","sr":1,"ks":{"p":{"a":0,"k":[36,36,0]}},"ao":0,"shapes":[{"ind":0,"ty":"sh","ks":{"a":0,"k":{"i":[[0,0],[0,0]],"o":[[0,0],[0,0]],"v":[[36.062,36.063],[-36.062,-36.062]],"c":false}},"nm":"Path 1","hd":false},{"ty":"tm","s":{"a":1,"k":[{"i":{"x":[0.4],"y":[1]},"o":{"x":[0.6],"y":[0]},"t":0,"s":[100]},{"t":22,"s":[0]}]},"e":{"a":1,"k":[{"i":{"x":[0.4],"y":[1]},"o":{"x":[0.6],"y":[0]},"t":30,"s":[100]},{"t":48,"s":[0]}]},"o":{"a":0,"k":0},"m":1,"nm":"Trim Paths 1","hd":false},{"ty":"st","c":{"a":0,"k":[1,1,1,1]},"o":{"a":0,"k":100},"w":{"a":0,"k":8},"lc":1,"lj":1,"ml":4,"bm":0,"nm":"Stroke","hd":false}],"ip":0,"op":60,"st":0,"bm":0},{"ddd":0,"ind":5,"ty":4,"nm":"Line -1","sr":1,"ks":{"p":{"a":0,"k":[36,36,0]}},"ao":0,"shapes":[{"ind":0,"ty":"sh","ks":{"a":0,"k":{"i":[[0,0],[0,0]],"o":[[0,0],[0,0]],"v":[[16.264,38.891],[-38.891,-16.263]],"c":false}},"nm":"Path 1","hd":false},{"ty":"tm","s":{"a":1,"k":[{"i":{"x":[0.4],"y":[1]},"o":{"x":[0.6],"y":[0]},"t":4,"s":[100]},{"t":26,"s":[0]}]},"e":{"a":1,"k":[{"i":{"x":[0.4],"y":[1]},"o":{"x":[0.6],"y":[0]},"t":34,"s":[100]},{"t":52,"s":[0]}]},"o":{"a":0,"k":0},"m":1,"nm":"Trim Paths 1","hd":false},{"ty":"st","c":{"a":0,"k":[1,1,1,1]},"o":{"a":0,"k":100},"w":{"a":0,"k":8},"lc":1,"lj":1,"ml":4,"bm":0,"nm":"Stroke","hd":false}],"ip":0,"op":60,"st":0,"bm":0},{"ddd":0,"ind":6,"ty":4,"nm":"Line -2","sr":1,"ks":{"p":{"a":0,"k":[36,36,0]}},"ao":0,"shapes":[{"ind":0,"ty":"sh","ks":{"a":0,"k":{"i":[[0,0],[0,0]],"o":[[0,0],[0,0]],"v":[[-6.364,38.891],[-38.891,6.364]],"c":false}},"nm":"Path 1","hd":false},{"ty":"tm","s":{"a":1,"k":[{"i":{"x":[0.4],"y":[1]},"o":{"x":[0.6],"y":[0]},"t":8,"s":[100]},{"t":30,"s":[0]}]},"e":{"a":1,"k":[{"i":{"x":[0.4],"y":[1]},"o":{"x":[0.6],"y":[0]},"t":38,"s":[100]},{"t":56,"s":[0]}]},"o":{"a":0,"k":0},"m":1,"nm":"Trim Paths 1","hd":false},{"ty":"st","c":{"a":0,"k":[1,1,1,1]},"o":{"a":0,"k":100},"w":{"a":0,"k":8},"lc":1,"lj":1,"ml":4,"bm":0,"nm":"Stroke","hd":false}],"ip":0,"op":60,"st":0,"bm":0},{"ddd":0,"ind":7,"ty":4,"nm":"Line -3","sr":1,"ks":{"p":{"a":0,"k":[36,36,0]}},"ao":0,"shapes":[{"ind":0,"ty":"sh","ks":{"a":0,"k":{"i":[[0,0],[0,0]],"o":[[0,0],[0,0]],"v":[[-28.991,38.891],[-38.891,28.992]],"c":false}},"nm":"Path 1","hd":false},{"ty":"tm","s":{"a":1,"k":[{"i":{"x":[0.4],"y":[1]},"o":{"x":[0.6],"y":[0]},"t":12,"s":[100]},{"t":34,"s":[0]}]},"e":{"a":1,"k":[{"i":{"x":[0.4],"y":[1]},"o":{"x":[0.6],"y":[0]},"t":42,"s":[100]},{"t":60,"s":[0]}]},"o":{"a":0,"k":0},"m":1,"nm":"Trim Paths 1","hd":false},{"ty":"st","c":{"a":0,"k":[1,1,1,1]},"o":{"a":0,"k":100},"w":{"a":0,"k":8},"lc":1,"lj":1,"ml":4,"bm":0,"nm":"Stroke","hd":false}],"ip":0,"op":60,"st":0,"bm":0}]},{"id":"comp_2","layers":[{"ddd":0,"ind":1,"ty":4,"nm":"Line 1","sr":1,"ks":{"p":{"s":true,"x":{"a":0,"k":36},"y":{"a":0,"k":36}}},"ao":0,"shapes":[{"d":1,"ty":"el","s":{"a":0,"k":[136,136]},"p":{"a":0,"k":[-36,36]},"nm":"Ellipse","hd":false},{"ty":"st","c":{"a":0,"k":[1,1,1,1]},"o":{"a":0,"k":100},"w":{"a":0,"k":8},"lc":1,"lj":1,"ml":4,"bm":0,"nm":"Stroke 1","hd":false},{"ty":"tm","s":{"a":1,"k":[{"i":{"x":[0.4],"y":[1]},"o":{"x":[0.6],"y":[0]},"t":30,"s":[0]},{"t":48,"s":[25]}]},"e":{"a":1,"k":[{"i":{"x":[0.4],"y":[1]},"o":{"x":[0.6],"y":[0]},"t":0,"s":[0]},{"t":20,"s":[25]}]},"o":{"a":0,"k":0},"m":1,"nm":"Trim Paths 1","hd":false},{"ty":"gr","it":[{"ty":"rc","d":1,"s":{"a":0,"k":[72,72]},"p":{"a":0,"k":[0,0]},"r":{"a":0,"k":0},"nm":"Rectangle Path 1","hd":false},{"ty":"fl","c":{"a":0,"k":[1,0,0,1]},"o":{"a":0,"k":100},"r":1,"bm":0,"nm":"Fill 1","hd":false},{"ty":"tr","p":{"a":0,"k":[0,0]},"a":{"a":0,"k":[0,0]},"s":{"a":0,"k":[100,100]},"r":{"a":0,"k":0},"o":{"a":0,"k":0},"sk":{"a":0,"k":0},"sa":{"a":0,"k":0},"nm":"Transform"}],"nm":"Mask","bm":0,"hd":false}],"ip":0,"op":60,"st":0,"bm":0},{"ddd":0,"ind":2,"ty":4,"nm":"Line 2","sr":1,"ks":{"p":{"s":true,"x":{"a":0,"k":36},"y":{"a":0,"k":36}}},"ao":0,"shapes":[{"d":1,"ty":"el","s":{"a":0,"k":[104,104]},"p":{"a":0,"k":[-36,36]},"nm":"Ellipse","hd":false},{"ty":"st","c":{"a":0,"k":[1,1,1,1]},"o":{"a":0,"k":100},"w":{"a":0,"k":8},"lc":1,"lj":1,"ml":4,"bm":0,"nm":"Stroke 1","hd":false},{"ty":"tm","s":{"a":1,"k":[{"i":{"x":[0.4],"y":[1]},"o":{"x":[0.6],"y":[0]},"t":33,"s":[0]},{"t":51,"s":[25]}]},"e":{"a":1,"k":[{"i":{"x":[0.4],"y":[1]},"o":{"x":[0.6],"y":[0]},"t":3,"s":[0]},{"t":23,"s":[25]}]},"o":{"a":0,"k":0},"m":1,"nm":"Trim Paths 1","hd":false},{"ty":"gr","it":[{"ty":"rc","d":1,"s":{"a":0,"k":[72,72]},"p":{"a":0,"k":[0,0]},"r":{"a":0,"k":0},"nm":"Rectangle Path 1","hd":false},{"ty":"fl","c":{"a":0,"k":[1,0,0,1]},"o":{"a":0,"k":100},"r":1,"bm":0,"nm":"Fill 1","hd":false},{"ty":"tr","p":{"a":0,"k":[0,0]},"a":{"a":0,"k":[0,0]},"s":{"a":0,"k":[100,100]},"r":{"a":0,"k":0},"o":{"a":0,"k":0},"sk":{"a":0,"k":0},"sa":{"a":0,"k":0},"nm":"Transform"}],"nm":"Mask","bm":0,"hd":false}],"ip":0,"op":60,"st":0,"bm":0},{"ddd":0,"ind":3,"ty":4,"nm":"Line 3","sr":1,"ks":{"p":{"s":true,"x":{"a":0,"k":36},"y":{"a":0,"k":36}}},"ao":0,"shapes":[{"d":1,"ty":"el","s":{"a":0,"k":[72,72]},"p":{"a":0,"k":[-36,36]},"nm":"Ellipse","hd":false},{"ty":"st","c":{"a":0,"k":[1,1,1,1]},"o":{"a":0,"k":100},"w":{"a":0,"k":8},"lc":1,"lj":1,"ml":4,"bm":0,"nm":"Stroke 1","hd":false},{"ty":"tm","s":{"a":1,"k":[{"i":{"x":[0.4],"y":[1]},"o":{"x":[0.6],"y":[0]},"t":36,"s":[0]},{"t":54,"s":[25]}]},"e":{"a":1,"k":[{"i":{"x":[0.4],"y":[1]},"o":{"x":[0.6],"y":[0]},"t":6,"s":[0]},{"t":26,"s":[25]}]},"o":{"a":0,"k":0},"m":1,"nm":"Trim Paths 1","hd":false},{"ty":"gr","it":[{"ty":"rc","d":1,"s":{"a":0,"k":[72,72]},"p":{"a":0,"k":[0,0]},"r":{"a":0,"k":0},"nm":"Rectangle Path 1","hd":false},{"ty":"fl","c":{"a":0,"k":[1,0,0,1]},"o":{"a":0,"k":100},"r":1,"bm":0,"nm":"Fill 1","hd":false},{"ty":"tr","p":{"a":0,"k":[0,0]},"a":{"a":0,"k":[0,0]},"s":{"a":0,"k":[100,100]},"r":{"a":0,"k":0},"o":{"a":0,"k":0},"sk":{"a":0,"k":0},"sa":{"a":0,"k":0},"nm":"Transform"}],"nm":"Mask","bm":0,"hd":false}],"ip":0,"op":60,"st":0,"bm":0},{"ddd":0,"ind":4,"ty":4,"nm":"Line 4","sr":1,"ks":{"p":{"s":true,"x":{"a":0,"k":36},"y":{"a":0,"k":36}}},"ao":0,"shapes":[{"d":1,"ty":"el","s":{"a":0,"k":[40,40]},"p":{"a":0,"k":[-36,36]},"nm":"Ellipse","hd":false},{"ty":"st","c":{"a":0,"k":[1,1,1,1]},"o":{"a":0,"k":100},"w":{"a":0,"k":8},"lc":1,"lj":1,"ml":4,"bm":0,"nm":"Stroke 1","hd":false},{"ty":"tm","s":{"a":1,"k":[{"i":{"x":[0.4],"y":[1]},"o":{"x":[0.6],"y":[0]},"t":39,"s":[0]},{"t":57,"s":[25]}]},"e":{"a":1,"k":[{"i":{"x":[0.4],"y":[1]},"o":{"x":[0.6],"y":[0]},"t":9,"s":[0]},{"t":29,"s":[25]}]},"o":{"a":0,"k":0},"m":1,"nm":"Trim Paths 1","hd":false},{"ty":"gr","it":[{"ty":"rc","d":1,"s":{"a":0,"k":[72,72]},"p":{"a":0,"k":[0,0]},"r":{"a":0,"k":0},"nm":"Rectangle Path 1","hd":false},{"ty":"fl","c":{"a":0,"k":[1,0,0,1]},"o":{"a":0,"k":100},"r":1,"bm":0,"nm":"Fill 1","hd":false},{"ty":"tr","p":{"a":0,"k":[0,0]},"a":{"a":0,"k":[0,0]},"s":{"a":0,"k":[100,100]},"r":{"a":0,"k":0},"o":{"a":0,"k":0},"sk":{"a":0,"k":0},"sa":{"a":0,"k":0},"nm":"Transform"}],"nm":"Mask","bm":0,"hd":false}],"ip":0,"op":60,"st":0,"bm":0},{"ddd":0,"ind":5,"ty":4,"nm":"Line 5","sr":1,"ks":{"p":{"s":true,"x":{"a":0,"k":36},"y":{"a":0,"k":36}}},"ao":0,"shapes":[{"d":1,"ty":"el","s":{"a":0,"k":[8,8]},"p":{"a":0,"k":[-36,36]},"nm":"Ellipse","hd":false},{"ty":"st","c":{"a":0,"k":[1,1,1,1]},"o":{"a":0,"k":100},"w":{"a":0,"k":8},"lc":1,"lj":1,"ml":4,"bm":0,"nm":"Stroke 1","hd":false},{"ty":"tm","s":{"a":1,"k":[{"i":{"x":[0.4],"y":[1]},"o":{"x":[0.6],"y":[0]},"t":42,"s":[0]},{"t":60,"s":[25]}]},"e":{"a":1,"k":[{"i":{"x":[0.4],"y":[1]},"o":{"x":[0.6],"y":[0]},"t":12,"s":[0]},{"t":32,"s":[25]}]},"o":{"a":0,"k":0},"m":1,"nm":"Trim Paths 1","hd":false},{"ty":"gr","it":[{"ty":"rc","d":1,"s":{"a":0,"k":[72,72]},"p":{"a":0,"k":[0,0]},"r":{"a":0,"k":0},"nm":"Rectangle Path 1","hd":false},{"ty":"fl","c":{"a":0,"k":[1,0,0,1]},"o":{"a":0,"k":100},"r":1,"bm":0,"nm":"Fill 1","hd":false},{"ty":"tr","p":{"a":0,"k":[0,0]},"a":{"a":0,"k":[0,0]},"s":{"a":0,"k":[100,100]},"r":{"a":0,"k":0},"o":{"a":0,"k":0},"sk":{"a":0,"k":0},"sa":{"a":0,"k":0},"nm":"Transform"}],"nm":"Mask","bm":0,"hd":false}],"ip":0,"op":60,"st":0,"bm":0}]},{"id":"comp_3","layers":[{"ddd":0,"ind":1,"ty":4,"nm":"Demicircle","td":1,"sr":1,"ks":{"p":{"a":0,"k":[36,36,0]}},"ao":0,"shapes":[{"ty":"gr","it":[{"ind":0,"ty":"sh","ks":{"a":0,"k":{"i":[[39.764,0],[0,0],[0,0],[0,0],[0,0]],"o":[[0,0],[0,0],[0,0],[0,0],[0,39.764]],"v":[[-36,36],[-36,36],[-36,-36],[36,-36],[36,-36]],"c":true}},"nm":"Path 1","hd":false},{"ty":"tr","p":{"a":0,"k":[-36,-36]},"a":{"a":0,"k":[-36,-36]},"s":{"a":1,"k":[{"i":{"x":[0.4,0.4],"y":[1,1]},"o":{"x":[0.6,0.6],"y":[0,0]},"t":0,"s":[0,0]},{"t":20,"s":[100,100]}]},"r":{"a":0,"k":0},"o":{"a":0,"k":100},"sk":{"a":0,"k":0},"sa":{"a":0,"k":0},"nm":"Transform"}],"nm":"Demicircle","bm":0,"hd":false},{"ty":"fl","c":{"a":0,"k":[1,1,1,1]},"o":{"a":0,"k":100},"r":1,"bm":0,"nm":"Fill 1","hd":false}],"ip":0,"op":60,"st":0,"bm":0},{"ddd":0,"ind":2,"ty":4,"nm":"Mask","tt":1,"sr":1,"ks":{"r":{"a":1,"k":[{"i":{"x":[0.667],"y":[1]},"o":{"x":[0.6],"y":[0]},"t":30,"s":[0]},{"t":50,"s":[-90]}]},"a":{"a":0,"k":[-36,-36,0]}},"ao":0,"shapes":[{"ty":"gr","it":[{"ty":"rc","d":1,"s":{"a":0,"k":[72,72]},"p":{"a":0,"k":[0,0]},"r":{"a":0,"k":0},"nm":"Rectangle Path 1","hd":false},{"ty":"fl","c":{"a":0,"k":[1,1,1,1]},"o":{"a":0,"k":100},"r":1,"bm":0,"nm":"Fill 1","hd":false},{"ty":"tr","p":{"a":0,"k":[0,0]},"a":{"a":0,"k":[0,0]},"s":{"a":0,"k":[100,100]},"r":{"a":0,"k":0},"o":{"a":0,"k":100},"sk":{"a":0,"k":0},"sa":{"a":0,"k":0},"nm":"Transform"}],"nm":"Rectangle 1","bm":0,"hd":false}],"ip":0,"op":60,"st":0,"bm":0}]}],"layers":[{"ddd":0,"ind":1,"ty":4,"nm":"Lines","td":1,"sr":1,"ks":{"p":{"a":0,"k":[144,108,0]}},"ao":0,"shapes":[{"ind":0,"ty":"sh","ks":{"a":0,"k":{"i":[[0,0],[0,2.209],[-37.555,0],[0,-37.555],[0,0],[-2.209,0],[0,0],[0,2.092],[-37.672,0],[0,0]],"o":[[2.209,0],[0,-37.555],[37.555,0],[0,0],[0,2.209],[0,0],[2.092,0],[0,-37.672],[0,0],[0,0]],"v":[[-144,-32],[-140,-36],[-72,-104],[-4,-36],[-4,36],[0,40],[0.211,40],[4,36.211],[72.211,-32],[144,-32]],"c":false}},"nm":"Path 1","hd":false},{"ind":1,"ty":"sh","ks":{"a":0,"k":{"i":[[0,0],[0,11.046],[-28.719,0],[0,-28.719],[0,0],[-11.046,0],[0,11.046],[-28.719,0],[0,0]],"o":[[11.046,0],[0,-28.719],[28.719,0],[0,0],[0,11.046],[11.046,0],[0,-28.719],[0,0],[0,0]],"v":[[-144,-16],[-124,-36],[-72,-88],[-20,-36],[-20,36],[0,56],[20,36],[72,-16],[144,-16]],"c":false}},"nm":"Path 2","hd":false},{"ind":2,"ty":"sh","ks":{"a":0,"k":{"i":[[0,0],[0,19.882],[-19.882,0],[0,-19.882],[0,0],[-19.882,0],[0,19.882],[-19.882,0],[0,0]],"o":[[19.882,0],[0,-19.882],[19.882,0],[0,0],[0,19.882],[19.882,0],[0,-19.882],[0,0],[0,0]],"v":[[-144,0],[-108,-36],[-72,-72],[-36,-36],[-36,36],[0,72],[36,36],[72,0],[144,0]],"c":false}},"nm":"Path 3","hd":false},{"ind":3,"ty":"sh","ks":{"a":0,"k":{"i":[[0,0],[0,28.719],[-11.046,0],[0,-11.046],[0,0],[-28.719,0],[0,28.719],[-11.046,0],[0,0]],"o":[[28.719,0],[0,-11.046],[11.046,0],[0,0],[0,28.719],[28.719,0],[0,-11.046],[0,0],[0,0]],"v":[[-144,16],[-92,-36],[-72,-56],[-52,-36],[-52,36],[0,88],[52,36],[72,16],[144,16]],"c":false}},"nm":"Path 4","hd":false},{"ind":4,"ty":"sh","ks":{"a":0,"k":{"i":[[0,0],[0,37.555],[-2.209,0],[0,-2.209],[0,0],[-37.555,0],[0,37.555],[-2.209,0],[0,0]],"o":[[37.555,0],[0,-2.209],[2.209,0],[0,0],[0,37.555],[37.555,0],[0,-2.209],[0,0],[0,0]],"v":[[-144,32],[-76,-36],[-72,-40],[-68,-36],[-68,36],[0,104],[68,36],[72,32],[144,32]],"c":false}},"nm":"Path 5","hd":false},{"ty":"tm","s":{"a":1,"k":[{"i":{"x":[0.833],"y":[0.833]},"o":{"x":[0.6],"y":[0]},"t":150,"s":[0]},{"t":210,"s":[100]}]},"e":{"a":1,"k":[{"i":{"x":[0.4],"y":[1]},"o":{"x":[0.167],"y":[0.167]},"t":70,"s":[0]},{"t":129,"s":[100]}]},"o":{"a":0,"k":0},"m":1,"nm":"Trim Paths 1","hd":false},{"ty":"st","c":{"a":0,"k":[0.258823529412,0.305882352941,0.341176470588,1]},"o":{"a":0,"k":100},"w":{"a":0,"k":8},"lc":1,"lj":1,"ml":4,"bm":0,"nm":"Stroke 1","hd":false}],"ip":70,"op":670,"st":70,"bm":0},{"ddd":0,"ind":2,"ty":4,"nm":"White Color Box Animated","tt":1,"sr":1,"ks":{"p":{"a":0,"k":[144,108,0]}},"ao":0,"shapes":[{"ty":"gr","it":[{"ty":"rc","d":1,"s":{"a":0,"k":[72,72]},"p":{"a":0,"k":[108,0]},"r":{"a":0,"k":0},"nm":"Rectangle Path 1","hd":false},{"ty":"fl","c":{"a":0,"k":[0.250980392157,0.219607843137,1,1]},"o":{"a":0,"k":100},"r":1,"bm":0,"nm":"Fill 1","hd":false},{"ty":"tr","p":{"a":0,"k":[0,0]},"a":{"a":0,"k":[0,0]},"s":{"a":0,"k":[100,100]},"r":{"a":0,"k":0},"o":{"a":0,"k":100},"sk":{"a":0,"k":0},"sa":{"a":0,"k":0},"nm":"Transform"}],"nm":"Blue Color Box","bm":0,"hd":false},{"ty":"gr","it":[{"ty":"rc","d":1,"s":{"a":0,"k":[72,72]},"p":{"a":0,"k":[-36,72]},"r":{"a":0,"k":0},"nm":"Rectangle Path 1","hd":false},{"ty":"fl","c":{"a":0,"k":[1,1,1,1]},"o":{"a":0,"k":100},"r":1,"bm":0,"nm":"Fill 1","hd":false},{"ty":"tr","p":{"a":0,"k":[0,0]},"a":{"a":0,"k":[0,0]},"s":{"a":0,"k":[100,100]},"r":{"a":0,"k":0},"o":{"a":0,"k":100},"sk":{"a":0,"k":0},"sa":{"a":0,"k":0},"nm":"Transform"}],"nm":"White Color Box","bm":0,"hd":false},{"ty":"gr","it":[{"ty":"rc","d":1,"s":{"a":0,"k":[288,216]},"p":{"a":0,"k":[0,0]},"r":{"a":0,"k":0},"nm":"Rectangle Path 1","hd":false},{"ty":"fl","c":{"a":0,"k":[0.258823529412,0.305882352941,0.341176470588,1]},"o":{"a":0,"k":100},"r":1,"bm":0,"nm":"Fill 1","hd":false},{"ty":"tr","p":{"a":0,"k":[0,0]},"a":{"a":0,"k":[0,0]},"s":{"a":0,"k":[100,100]},"r":{"a":0,"k":0},"o":{"a":0,"k":100},"sk":{"a":0,"k":0},"sa":{"a":0,"k":0},"nm":"Transform"}],"nm":"Background","bm":0,"hd":false}],"ip":70,"op":670,"st":70,"bm":0},{"ddd":0,"ind":3,"ty":0,"nm":"B Lines (Straight)","refId":"comp_0","sr":1,"ks":{"p":{"a":0,"k":[252,108,0]},"a":{"a":0,"k":[36,36,0]}},"ao":0,"hasMask":true,"masksProperties":[{"inv":false,"mode":"a","pt":{"a":0,"k":{"i":[[0,0],[0,0],[0,0],[0,0]],"o":[[0,0],[0,0],[0,0],[0,0]],"v":[[72,0],[0,0],[0,72],[72,72]],"c":true}},"o":{"a":0,"k":100},"x":{"a":0,"k":0},"nm":"Mask 1"}],"ef":[{"ty":21,"nm":"Fill","np":9,"mn":"ADBE Fill","ix":1,"en":1,"ef":[{"ty":10,"nm":"Fill Mask","mn":"ADBE Fill-0001","ix":1,"v":{"a":0,"k":0}},{"ty":7,"nm":"All Masks","mn":"ADBE Fill-0007","ix":2,"v":{"a":0,"k":0}},{"ty":2,"nm":"Color","mn":"ADBE Fill-0002","ix":3,"v":{"a":0,"k":[0.258823543787,0.305882364511,0.341176480055,1]}},{"ty":7,"nm":"Invert","mn":"ADBE Fill-0006","ix":4,"v":{"a":0,"k":0}},{"ty":0,"nm":"Horizontal Feather","mn":"ADBE Fill-0003","ix":5,"v":{"a":0,"k":0}},{"ty":0,"nm":"Vertical Feather","mn":"ADBE Fill-0004","ix":6,"v":{"a":0,"k":0}},{"ty":0,"nm":"Opacity","mn":"ADBE Fill-0005","ix":7,"v":{"a":0,"k":1}}]}],"w":72,"h":72,"ip":45,"op":105,"st":45,"bm":0},{"ddd":0,"ind":4,"ty":0,"nm":"B Lines (Diagonal)","refId":"comp_1","sr":1,"ks":{"r":{"a":0,"k":180},"p":{"a":0,"k":[170,180,0]},"a":{"a":0,"k":[36,36,0]}},"ao":0,"hasMask":true,"masksProperties":[{"inv":false,"mode":"a","pt":{"a":0,"k":{"i":[[0,0],[0,0],[0,0],[0,0]],"o":[[0,0],[0,0],[0,0],[0,0]],"v":[[72,0],[0,0],[0,72],[72,72]],"c":true}},"o":{"a":0,"k":100},"x":{"a":0,"k":0},"nm":"Mask 1"}],"ef":[{"ty":21,"nm":"Fill","np":9,"mn":"ADBE Fill","ix":1,"en":1,"ef":[{"ty":10,"nm":"Fill Mask","mn":"ADBE Fill-0001","ix":1,"v":{"a":0,"k":0}},{"ty":7,"nm":"All Masks","mn":"ADBE Fill-0007","ix":2,"v":{"a":0,"k":0}},{"ty":2,"nm":"Color","mn":"ADBE Fill-0002","ix":3,"v":{"a":0,"k":[0.258823543787,0.305882364511,0.341176480055,1]}},{"ty":7,"nm":"Invert","mn":"ADBE Fill-0006","ix":4,"v":{"a":0,"k":0}},{"ty":0,"nm":"Horizontal Feather","mn":"ADBE Fill-0003","ix":5,"v":{"a":0,"k":0}},{"ty":0,"nm":"Vertical Feather","mn":"ADBE Fill-0004","ix":6,"v":{"a":0,"k":0}},{"ty":0,"nm":"Opacity","mn":"ADBE Fill-0005","ix":7,"v":{"a":0,"k":1}}]}],"w":72,"h":72,"ip":30,"op":90,"st":30,"bm":0},{"ddd":0,"ind":5,"ty":0,"nm":"B Demicircle (Lines)","refId":"comp_2","sr":1,"ks":{"p":{"a":0,"k":[108,36,0]},"a":{"a":0,"k":[36,36,0]}},"ao":0,"hasMask":true,"masksProperties":[{"inv":false,"mode":"a","pt":{"a":0,"k":{"i":[[0,0],[0,0],[0,0],[0,0]],"o":[[0,0],[0,0],[0,0],[0,0]],"v":[[72,0],[0,0],[0,72],[72,72]],"c":true}},"o":{"a":0,"k":100},"x":{"a":0,"k":0},"nm":"Mask 1"}],"w":72,"h":72,"ip":15,"op":75,"st":15,"bm":0},{"ddd":0,"ind":6,"ty":0,"nm":"Demicircle","refId":"comp_3","sr":1,"ks":{"p":{"a":0,"k":[36,108,0]},"a":{"a":0,"k":[36,36,0]}},"ao":0,"hasMask":true,"masksProperties":[{"inv":false,"mode":"a","pt":{"a":0,"k":{"i":[[0,0],[0,0],[0,0],[0,0]],"o":[[0,0],[0,0],[0,0],[0,0]],"v":[[72,0],[0,0],[0,72],[72,72]],"c":true}},"o":{"a":0,"k":100},"x":{"a":0,"k":0},"nm":"Mask 1"}],"ef":[{"ty":21,"nm":"Fill","np":9,"mn":"ADBE Fill","ix":1,"en":1,"ef":[{"ty":10,"nm":"Fill Mask","mn":"ADBE Fill-0001","ix":1,"v":{"a":0,"k":0}},{"ty":7,"nm":"All Masks","mn":"ADBE Fill-0007","ix":2,"v":{"a":0,"k":0}},{"ty":2,"nm":"Color","mn":"ADBE Fill-0002","ix":3,"v":{"a":0,"k":[0.250980407,0.219607844949,1,1]}},{"ty":7,"nm":"Invert","mn":"ADBE Fill-0006","ix":4,"v":{"a":0,"k":0}},{"ty":0,"nm":"Horizontal Feather","mn":"ADBE Fill-0003","ix":5,"v":{"a":0,"k":0}},{"ty":0,"nm":"Vertical Feather","mn":"ADBE Fill-0004","ix":6,"v":{"a":0,"k":0}},{"ty":0,"nm":"Opacity","mn":"ADBE Fill-0005","ix":7,"v":{"a":0,"k":1}}]}],"w":72,"h":72,"ip":0,"op":60,"st":0,"bm":0}],"markers":[]}